数据条目, 资源分类, 关键字, 国家分类, 提供单位
机动车驾驶证记分信息, 道路交通, 机动车、驾驶证记分, 政法、监察, 上海市公安局
电子警察违法未处理情况信息, 道路交通, 电子警察、违法未处理, 政法、监察, 上海市公安局
水利工程项目基本信息, 城市建设, 项目名称、项目类型、建设单位名字, 农业、水利, 上海市水务局
赃物、失物招领信息, 民生服务, 赃物失物招领, 政法、监察, 上海市公安局
市发改委行政审批事项办理状态查询, 经济建设, 行政审批事项, 综合政务, 上海市发展和改革委员会
市环保局行政审批事项办理状态信息, 资源环境, 行政审批、办理状态, 城乡建设、环境保护, 上海市环境保护局
堤防类基础数据, 城市建设, 岸段名称、岸段结构、里程桩基本资料, 农业、水利, 上海市水务局
水情信息, 资源环境, 水位，雨量, 气象、水文、测绘、地震, 上海市水务局
水闸水位数据, 资源环境, 水闸名称、内河水位, 农业、水利, 上海市水务局
上海市绿化和市容管理局行政审批办理状态信息, 城市建设, 行政审批, 城乡建设、环境保护, 上海市绿化和市容管理局
失踪人员信息（治安）, 公共安全, 失踪人员, 政法、监察, 上海市公安局
上海市高新技术成果转化项目认定结果, 教育科技, 科技高新技术成果转化项目, 科技、教育, 上海市科学技术委员会
辐射安全许可信息, 资源环境, 辐射、许可信息, 城乡建设、环境保护, 上海市环境保护局
工业类投资项目备案数据, 经济建设, 工业、项目、备案, 工业、交通, 上海市经济和信息化委员会
本市汽、柴油最高零售价格, 经济建设, 油价, 经济管理, 上海市发展和改革委员会
危险废物综合经营许可信息, 资源环境, 危险废物、许可信息, 城乡建设、环境保护, 上海市环境保护局
市公安局行政审批事项办理状态信息, 公共安全, 行政审批、办理状态, 政法、监察, 上海市公安局
机动车报废信息, 道路交通, 机动车报废, 政法、监察, 上海市公安局
排水系统信息服务接口, 城市建设, 排水系统名称，排水模式，排水系统类型, 农业、水利, 上海市水务局
水务海洋行政审批电子档案, 资源环境, 受理号、申请人、事项名称、项目名称、归档时间, 农业、水利, 上海市水务局
排水泵站服务接口, 城市建设, 泵站名称、泵站大类、泵站小类、泵站地址, 农业、水利, 上海市水务局
结婚登记预约机构接口文档, 民生服务, 结婚登记预约机构接口文档, 民政、社区, 上海市民政局
专项资金政务大厅数据推送, 经济建设, 专项资金，政务大厅, 综合政务, 上海市经济和信息化委员会
未年检车辆信息, 道路交通, 未年检车辆, 政法、监察, 上海市公安局
工业类投资项目备案变更数据, 经济建设, 工业、项目、备案变更, 工业、交通, 上海市经济和信息化委员会
市新闻出版局行政审批事项办理状态信息, 文化休闲, 行政审批, 文化、卫生、体育, 上海市新闻出版局
排水管道服务接口, 城市建设, 所在道路名称、管道等级、管道类型, 农业、水利, 上海市水务局
经营异常企业信息, 经济建设, 工商，经营异常企业, 经济管理, 上海市工商行政管理局
水务行政审批GIS信息, 资源环境, 受理号、行业类别、事项名称、项目名称、项目地址、申请人、, 农业、水利, 上海市水务局
水务行政审批信息, 资源环境, 受理号、行业类别、事项名称、申请人、项目名称、项目地址等, 农业、水利, 上海市水务局
资产评估分支机构设立审批办理状态信息, 经济建设, 办理状态, 财政, 上海市财政局
堤防部件数据, 城市建设, 城建坐标, 农业、水利, 上海市水务局
机动车驾驶证换证提醒告知信息, 公共安全, 驾驶证、换证提醒, 政法、监察, 上海市公安局
公司制资产评估机构设立审批办理状态信息, 经济建设, 办理状态, 财政, 上海市财政局
排水井服务接口, 城市建设, 井的等级、井的类型、井的分类, 农业、水利, 上海市水务局
合伙制资产评估机构设立审批办理状态信息, 经济建设, 办理状态, 财政, 上海市财政局
热线执法举报信息, 城市建设, 局转编号、处理状态, 政法、监察, 上海市水务局
社会机动车安检机构, 道路交通, 社会机动车安检机构, 工业、交通, 上海市质量技术监督局
调蓄池服务接口, 资源环境, 调蓄池名称、调蓄池地址、调蓄池规格、调蓄池尺寸直径、调蓄池尺寸宽, 农业、水利, 上海市水务局
排水工程建设信息服务接口, 城市建设, 排水工程，工程名称，工程地址, 农业、水利, 上海市水务局
海塘部件数据, 城市建设, 海塘里程桩代码、海塘城建坐标, 农业、水利, 上海市水务局
社会体育指导员信息, 民生服务, 社会体育指导员, 文化、卫生、体育, 上海市体育局
联合国贸易网点信息, 经济建设, 联合国贸易网点, 商业、贸易, 上海市商务委员会
上海商业百强企业信息, 经济建设, 商业百强企业, 商业、贸易, 上海市商务委员会
海塘类基础数据, 城市建设, 海塘名称、里程桩号、所属区县, 农业、水利, 上海市水务局
工商行政审批事项办理状态信息, 经济建设, 工商，行政审批事项，办理状态, 经济管理, 上海市工商行政管理局
市质监局行政审批事项办理状态信息, 经济建设, 行政审批、事项办理、, 综合政务, 上海市质量技术监督局
工商行政处罚信息, 经济建设, 工商，行政处罚, 经济管理, 上海市工商行政管理局
中小商贸流通企业服务机构信息, 经济建设, 中小商贸流通企业服务机构, 商业、贸易, 上海市商务委员会
执业经纪人信息, 经济建设, 工商，执业经纪人, 经济管理, 上海市工商行政管理局
特种设备检验检测信息, 公共安全, 特种设备检验检测信息, 工业、交通, 上海市质量技术监督局
固定形式印刷品广告登记证, 经济建设, 固定形式印刷品，广告，登记证, 经济管理, 上海市工商行政管理局
食品相关产品生产许可证注销信息, 卫生健康, 食品相关产品生产许可证注销信息, 商业、贸易, 上海市质量技术监督局
食品相关产品生产许可获证企业信息, 卫生健康, 食品相关产品生产许可获证企业信息, 综合政务, 上海市质量技术监督局
上海中心城区每月供水水质, 资源环境, 水质, 水利, 上海市水务局
上海中心城区每月供水水量, 资源环境, 供水水量, 水利, 上海市水务局
上海外商第三产业合同投资情况, 经济建设, 外商、第三产业、合同投资, 对外贸易, 上海市商务委员会
上海市外商实际投资情况, 经济建设, 外商、投资, 对外贸易, 上海市商务委员会
上海市外商合同投资情况, 经济建设, 外商、合同投资, 对外贸易, 上海市商务委员会
上海社会消费品零售情况, 经济建设, 社会消费品、零售, 国内贸易, 上海市商务委员会
上海市货物贸易出口情况, 经济建设, 贸易、出口, 对外贸易, 上海市商务委员会
上海市货物贸易进口情况, 经济建设, 贸易、进口, 对外贸易, 上海市商务委员会
建设用地批准文件调整、撤销审批, 资源环境, 土地资源、国土, 土地, 上海市规划和国土资源管理局
招标、拍卖、挂牌用地审批, 城市建设, 土地资源、国土, 土地, 上海市规划和国土资源管理局
土地储备审批, 城市建设, 土地资源、国土, 土地, 上海市规划和国土资源管理局
土地租赁用地审批, 城市建设, 土地资源、国土, 土地, 上海市规划和国土资源管理局
协议出让土地用地审批, 城市建设, 土地资源、国土, 土地, 上海市规划和国土资源管理局
单独选址项目信息（市批）, 城市建设, 土地资源、国土, 土地, 上海市规划和国土资源管理局
市规划和国土资源管理局公告类信息, 城市建设, 公告类信息, 综合类, 上海市规划和国土资源管理局
市规划和国土资源管理局新闻类信息, 城市建设, 新闻类信息, 综合类, 上海市规划和国土资源管理局
市规划和国土资源管理局规范性文件, 城市建设, 政策法规, 综合类, 上海市规划和国土资源管理局
地下水位观测井, 资源环境, 地下水位观测井, 国土资源与能源综合类, 上海市规划和国土资源管理局
赛事信息, 文化休闲, 赛事信息, 体育, 上海市体育局
上海市进口废塑料加工利用企业环保核查合格名单, 资源环境, 进口废塑料加工利用企业，环保核查, 环境保护、治理, 上海市环境保护局
上海市生猪养殖情况一览表, 经济建设, 上海、生猪、养殖, 畜牧业, 上海市农业委员会
环境状况公报, 资源环境, 环境状况，公报, 城乡建设与环境保护综合类, 上海市环境保护局
危险废物专业运输名录, 资源环境, 危险废物、运输, 环境保护、治理, 上海市环境保护局
危险废物经营许可证名单, 资源环境, 危险废物经营许可证, 环境保护、治理, 上海市环境保护局
上市公司环保核查, 资源环境, 上市公司，环保核查, 环境保护、治理, 上海市环境保护局
建设项目环境影响评价单位, 资源环境, 建设项目，环境影响评价单位, 环境保护、治理, 上海市环境保护局
地表水水质状况, 资源环境, 地表水，水质评价, 环境污染、监测, 上海市环境保护局
全市纳税信用等级统计, 信用服务, 纳税人识别码，纳税人名称，信用等级, 税务, 上海市地方税务局
信用服务机构备案信息, 信用服务, 备案编号、单位名称、联系人、联系方式、传真、经营范围、主营业务、地址、邮编, 信息产业综合类, 上海市经济和信息化委员会
上海市技术进出口交易会亮点企业情况, 经济建设, 技术进出口、亮点企业, 综合类, 上海市商务委员会
单用途商业预付卡备案企业信息, 经济建设, 单用途商业预付卡, 国内贸易, 上海市商务委员会
再生资源回收经营企业信息, 资源环境, 再生资源、经营企业, 国内贸易, 上海市商务委员会
电力供需平衡预测, 资源环境, 日期、星期、天气、气温、预计最高负荷、最高可用出力、电力供需平衡, 电力, 上海市经济和信息化委员会
新闻出版驻沪机构, 文化休闲, 驻沪机构, 新闻出版, 上海市新闻出版局
加油站, 民生服务, 名称、地址、电话、服务内容, 企业, 上海市经济和信息化委员会
法人网上身份统一认证网点, 机构团体, 网点地址、服务时间、联系电话, 信息产业综合类, 上海市经济和信息化委员会
工业园区, 经济建设, 园区名称、地址、类型、网址、联系电话, 工业, 上海市经济和信息化委员会
部分重化行业企业名单, 经济建设, 企业名称、地址、企业性质、主要产品, 工业, 上海市经济和信息化委员会
企业技术中心认定, 经济建设, 认定总数、领域分布数量、区域分布数量, 工业, 上海市经济和信息化委员会
成品油批发和仓储企业, 经济建设, 企业名称、地址、邮编、企业性质、成品油批发仓储经营许可证编号, 工业, 上海市经济和信息化委员会
建筑从业人员行政处罚信息, 信用服务, 人员行政处罚, 城乡建设, 上海市城乡建设和管理委员会
建筑从业单位行政处罚信息, 信用服务, 行政处罚信息, 城乡建设, 上海市城乡建设和管理委员会
工商行政处罚信息, 信用服务, 工商，行政处罚, 工商, 上海市工商行政管理局
企业监管信息, 信用服务, 监管, 检验、检疫, 上海市质量技术监督局
产品质量监督抽查信息, 信用服务, 产品质量、监督抽查, 检验、检疫, 上海市质量技术监督局
食品餐饮企业监督公示信息, 信用服务, 食品、食品餐饮、企业监督公示, 医药卫生管理, 上海市食品药品监督管理局
质监行政处罚信息, 信用服务, 行政处罚, 综合类, 上海市质量技术监督局
流通领域商品监测信息, 信用服务, 工商，流通领域商品，监测, 工商, 上海市工商行政管理局
卫生监督检查信息, 信用服务, 卫生监督检查, 医药卫生管理, 上海市卫生和计划生育委员会
上海市各区县统计局联系方式, 机构团体, 区县统计局联系方式, 综合政务类, 上海市统计局
国家统计局上海调查总队各区县调查队联系方式, 机构团体, 各区、县调查队联系方式, 综合政务类, 上海市统计局
重点中央在沪企业, 经济建设, 企业名称、地址、联系电话, 企业, 上海市经济和信息化委员会
上海市企事业专利工作试点示范单位名录, 教育科技, 上海市，企事业专利工作试点示范单位，名录, 知识产权, 上海市知识产权局
上海市&ldquo;销售真牌真品，保护知识产权&rdquo;承诺单位名单, 民生服务, 销售真牌真品，保护知识产权，承诺单位名单, 知识产权, 上海市知识产权局
上海市专利统计信息, 教育科技, 专利、统计、申请、授权, 综合类, 上海市知识产权局
专利工作者培训人数, 教育科技, 专利工作者，培训人数, 知识产权, 上海市知识产权局
专利工程师人数, 教育科技, 专利工程师，人数, 知识产权, 上海市知识产权局
上海市专利代理机构名录, 教育科技, 上海市，专利代理机构，名录, 知识产权, 上海市知识产权局
全市道路运输驾驶员从业资格培训企业名录, 道路交通, 全市道路运输驾驶员从业资格培训企业名称、联系方式, 交通运输, 上海市交通委员会
全市普通机动车驾驶员培训企业名录, 道路交通, 全市普通机动车驾驶员培训企业名称、联系方式, 交通运输, 上海市交通委员会
全市道路危险货物运输企业名录, 道路交通, 全市道路危险货物运输企业名称、联系方式, 交通运输, 上海市交通委员会
全市汽车快修企业名录, 道路交通, 全市汽车快修企业名录、企业许可号号、企业名称、企业地址, 交通运输, 上海市交通委员会
上海市工程咨询单位资格名录（央企）, 经济建设, 工程咨询单位, 综合类, 上海市发展和改革委员会
上海市工程咨询单位资格名录（丙级）, 经济建设, 工程咨询单位, 综合类, 上海市发展和改革委员会
上海市工程咨询单位资格名录（甲级）, 经济建设, 工程咨询单位, 综合类, 上海市发展和改革委员会
上海市工程咨询单位资格名录（乙级）, 经济建设, 工程咨询单位, 综合类, 上海市发展和改革委员会
全市国有资产评估情况统计信息, 经济建设, 评估, 综合政务类, 上海市国有资产监督管理委员会
市国有资产统计信息, 经济建设, 地方国资总量、资产、负债、营业收入, 经济管理综合类, 上海市国有资产监督管理委员会
全社会用电量, 资源环境, 本市全社会月度用电量、分产业用电量, 电力, 上海市经济和信息化委员会
供电服务机构, 机构团体, 机构名称、地址、服务时间、服务内容、服务范围、联系电话, 工业, 上海市经济和信息化委员会
农家书屋, 文化休闲, 农家书屋, 新闻出版, 上海市新闻出版局
作品著作权登记, 文化休闲, 作品著作权, 新闻出版, 上海市新闻出版局
出版物发行单位基本信息, 文化休闲, 出版物发行, 新闻出版, 上海市新闻出版局
复制企业基本信息, 文化休闲, 复制企业, 新闻出版, 上海市新闻出版局
本市医疗机构医疗服务项目和价格, 卫生健康, 医疗卫生、价格, 物价, 上海市发展和改革委员会
危险化学品建设项目信息, 公共安全, 危险化学品建设项目, 综合政务类, 上海市安全生产监督管理局
危险化学品目录, 公共安全, 危险化学品, 综合政务类, 上海市安全生产监督管理局
危险化学品生产企业信息, 公共安全, 危化品生产许可证, 综合政务类, 上海市安全生产监督管理局
乙级安全评价机构, 公共安全, 乙级安全评价机构, 综合类, 上海市安全生产监督管理局
帮困粮油供应点信息, 民生服务, 帮困，粮油，供应点, 商贸综合类, 上海市粮食局
副补发放点信息, 民生服务, 副食品，补贴，发放点, 民政综合类, 上海市粮食局
应急零售网点信息, 民生服务, 粮油，应急，网点, 商贸综合类, 上海市粮食局
粮食收购点信息, 经济建设, 粮食，收购点, 商贸综合类, 上海市粮食局
生产性服务业功能区, 经济建设, 功能区名称、所在区县、四至范围、规划面积、批复设立时间、功能定位, 工业, 上海市经济和信息化委员会
旅游咨询中心, 文化休闲, 旅游，咨询服务中心, 旅游, 上海市旅游局
侨务引智引资创业服务点信息, 经济建设, 创业服务, 综合类, 上海市人民政府侨务办公室
华侨事务受理信息, 民生服务, 事务受理, 综合类, 上海市人民政府侨务办公室
市政府侨办行政权力清单, 民生服务, 行政权力, 综合类, 上海市人民政府侨务办公室
各区县侨办基本信息, 机构团体, 机构, 综合类, 上海市人民政府侨务办公室
旅游集散中心, 文化休闲, 旅游，集散, 旅游, 上海市旅游局
上海市船舶过闸收费信息, 道路交通, 收费区县、通航水闸数量、过闸船舶吨位、过闸船舶数量、过闸收入, 水利, 上海市水务局
设施附件类数据, 城市建设, 附件数据, 水利, 上海市水务局
区县水务行政审批业务受理管理信息, 资源环境, 水务、区县、行政审批、报表, 水利, 上海市水务局
道路积水自动监测站点信息, 资源环境, 名称、地址, 综合类, 上海市水务局
上海旅游统计数据-旅行社国内旅游组团人数和接待人数（人次）, 文化休闲, 旅行社国内旅游组团人数和接待人数, 旅游, 上海市旅游局
上海旅游统计数据-旅行社组织出境旅游人数（人次）, 文化休闲, 旅行社组织出境旅游人数（人次），, 旅游, 上海市旅游局
上海旅游统计数据-旅行社外联、接待入境旅游人数（人次）, 文化休闲, 旅行社外联、接待入境旅游人数（人次）, 旅游, 上海市旅游局
废弃电器电子产品处理资格证书名单, 资源环境, 电子废物、处置单位, 环境保护、治理, 上海市环境保护局
上海旅游统计数据-旅游饭店客房平均出租率和平均房价, 文化休闲, 旅游饭店客房平均出租率和平均房价, 旅游, 上海市旅游局
上海旅游统计数据-入境外国人按主要客源国分（人次）, 文化休闲, 入境外国人按主要客源国分（人次）, 旅游, 上海市旅游局
上海旅游统计数据-本市接待入境旅游者人数（人次）, 文化休闲, 本市接待入境旅游者人数, 旅游, 上海市旅游局
集中式供水单位卫生许可信息, 卫生健康, 供水集中式许可卫生, 医药卫生管理, 上海市卫生和计划生育委员会
全市消费维权点分布数据, 机构团体, 消费维权点，地址, 工商, 上海市工商行政管理局
上海市著名商标公告数据, 民生服务, 著名商标、公告, 工商, 上海市工商行政管理局
技术合同认定登记信息, 教育科技, 科技技术合同认定登记, 科技管理, 上海市科学技术委员会
实验动物许可证发证, 教育科技, 科技、实验动物、生产、使用、许可证, 科技管理, 上海市科学技术委员会
著作权合同备案, 文化休闲, 著作权合同, 新闻出版, 上海市新闻出版局
危化品经营许可证, 公共安全, 危化品经营许可证, 综合政务类, 上海市安全生产监督管理局
检测检验机构, 公共安全, 检测检验机构, 综合政务类, 上海市安全生产监督管理局
职业卫生技术服务机构, 公共安全, 职业卫生技术服务机构, 综合政务类, 上海市安全生产监督管理局
中外合作职业技能培训机构信息, 社会发展, 中外合作、职业技能培训机构, 劳动人事综合类, 上海市人力资源和社会保障局
人力资源社会保障相关统计数据（年报）, 社会发展, 人力资源社会保障、统计, 劳动人事综合类, 上海市人力资源和社会保障局
人力资源社会保障相关统计数据（半年报）, 社会发展, 人力资源社会保障、统计、半年, 劳动人事综合类, 上海市人力资源和社会保障局
涉外调查许可证信息, 经济建设, 涉外调查许可证信息, 统计, 上海市统计局
本市当年度有效的见习基地信息, 社会发展, 见习基地、名称、地址、联系电话, 劳动人事综合类, 上海市人力资源和社会保障局
人才中介服务机构信息, 社会发展, 人才中介、单位名称、地址、联系电话, 劳动人事综合类, 上海市人力资源和社会保障局
示范性家政服务站名单, 民生服务, 示范性家政服务站名单, 综合类, 上海市妇女联合会
妇联基层组织信息表, 机构团体, 妇联基层, 综合类, 上海市妇女联合会
母婴保健技术服务执业许可信息, 卫生健康, 母婴保健技术服务执业许可, 医药卫生管理, 上海市卫生和计划生育委员会
母婴保健机构服务人员资格许可信息, 卫生健康, 母婴保健机构服务人员资格许可信息, 医药卫生管理, 上海市卫生和计划生育委员会
港澳医务人员执业许可信息, 卫生健康, 医务人员港澳执业许可, 医药卫生管理, 上海市卫生和计划生育委员会
放射诊疗许可信息, 卫生健康, 放射诊疗许可, 医药卫生管理, 上海市卫生和计划生育委员会
上海采供血机构, 卫生健康, 采供血, 医药卫生管理, 上海市卫生和计划生育委员会
上海市社区智慧微菜场名单信息, 民生服务, 智慧微菜场, 国内贸易, 上海市商务委员会
本市各类会展信息, 经济建设, 会展, 商贸综合类, 上海市商务委员会
应急避难场所信息, 公共安全, 应急避难场所, 综合政务类, 上海市民防办公室
上海市第三次经济普查主要数据公报（第一号）, 经济建设, 上海市第三次经济普查主要数据公报（第一号）, 统计, 上海市统计局
上海市第三次经济普查主要数据公报（第三号）, 经济建设, 上海市第三次经济普查主要数据公报（第三号）, 统计, 上海市统计局
人防工程防护设备定点企业信息, 公共安全, 人防工程防护设备企业, 综合政务类, 上海市民防办公室
区县统计局制订的专项（一次性）调查项目信息, 经济建设, 区县统计局制订的专项（一次性）调查项目信息, 统计, 上海市统计局
上海市第三次经济普查主要数据公报（第二号）, 经济建设, 上海市第三次经济普查主要数据公报（第二号）, 统计, 上海市统计局
市级政府部门统计调查项目信息, 经济建设, 市级政府部门统计调查项目信息, 统计, 上海市统计局
区县统计局批准的区县级政府部门统计调查项目, 经济建设, 区县统计局批准的区县级政府部门统计调查项目, 统计, 上海市统计局
上海市技术先进型服务企业名单, 经济建设, 科技技术先行型企业名单, 科技管理, 上海市科学技术委员会
市场主体发展统计数据, 经济建设, 工商，市场主体，统计, 工商, 上海市工商行政管理局
总集成总承包领域专项资金分配结果, 经济建设, 2014、总集成总承包、专项资金、分配, 工业, 上海市经济和信息化委员会
燃煤（重油）锅炉清洁能源替代领域专项资金分配结果, 经济建设, 2014、燃煤、锅炉、清洁能源替代、专项资金、分配, 工业, 上海市经济和信息化委员会
燃煤（重油）锅炉清洁能源替代受理点, 机构团体, 受理点名称、地址、服务时间、联系电话, 工业, 上海市经济和信息化委员会
中小企业发展专项资金分配结果, 经济建设, 2014、中小企业、专项资金、分配结果, 工业, 上海市经济和信息化委员会
重点技改领域专项资金分配结果, 经济建设, 2014、重点技改、专项资金、分配, 工业, 上海市经济和信息化委员会
清洁生产领域专项资金分配结果, 经济建设, 2014、清洁生产、专项资金、分配结果, 工业, 上海市经济和信息化委员会
软件和集成电路产业发展领域专项资金分配结果, 经济建设, 2014、软件和集成电路产业、专项资金, 工业, 上海市经济和信息化委员会
企业自主创新领域专项资金分配结果, 经济建设, 2014、企业、自主创新、专项资金、分配, 工业, 上海市经济和信息化委员会
信息化发展领域专项资金分配结果, 经济建设, 2014、信息化发展、专项资金、分配, 信息产业综合类, 上海市经济和信息化委员会
社会诚信体系建设专项资金分配结果, 经济建设, 2014、社会诚信体系建设、专项资金、结果, 综合类, 上海市经济和信息化委员会
自主品牌建设领域专项资金分配, 经济建设, 2014、自主品牌建设、领域、专项资金、分配, 工业, 上海市经济和信息化委员会
知识产权优势企业领域专项资金分配结果, 经济建设, 知识产权、优势企业、专项资金、分配, 企业, 上海市经济和信息化委员会
两化融合研究中心和重点实验室, 经济建设, 两化融合、研究中心、重点实验室, 信息产业综合类, 上海市经济和信息化委员会
产学研合作示范基地, 经济建设, 产学研、合作、示范、基地, 工业, 上海市经济和信息化委员会
上海市中小企业服务机构名录, 经济建设, 上海市、中小企业、服务机构, 工业, 上海市经济和信息化委员会
上海市中小企业公共服务示范平台名录, 经济建设, 上海市中小企业公共服务示范平台名录, 工业, 上海市经济和信息化委员会
知识产权优势企业, 经济建设, 知识产权、优势企业, 企业, 上海市经济和信息化委员会
食盐定点生产企业, 经济建设, 食盐定点、生产、企业, 综合类, 上海市经济和信息化委员会
市级新型工业化产业示范基地, 经济建设, 市级、新型工业化、产业示范基地, 工业, 上海市经济和信息化委员会
国家级新型工业化产业示范基地, 经济建设, 国家级、新型工业化产业、示范基地, 工业, 上海市经济和信息化委员会
年度物联网应用示范工程奖, 经济建设, 物联网应用示范工程奖, 信息产业综合类, 上海市经济和信息化委员会
信息服务业产业基地, 经济建设, 基地全称、界域、运营管理机构及联系方式、主要领域类别, 信息产业综合类, 上海市经济和信息化委员会
工业投资信息, 经济建设, 工业投资总量、增速、制造业、水电气供应业、各种所有制类型、重点行业投资总量、增速, 工业, 上海市经济和信息化委员会
重点行业环境整治信息, 资源环境, 环境整治, 环境保护、治理, 上海市环境保护局
创意产业集聚区, 经济建设, 集聚区名称、地址、主导产业、概况、入驻企业、服务平台、联系方式, 工业, 上海市经济和信息化委员会
&ldquo;i-Shanghai&ldquo;免费网络, 民生服务, 行政区划、场所名称、场所地址、覆盖范围、场所类型, 网络, 上海市经济和信息化委员会
计算机信息系统集成资质企业, 经济建设, 企业名称、资质证书编号、批准备案日期、首次获证日期、资质等级、所属省市, 信息产业综合类, 上海市经济和信息化委员会
软件和信息服务业机构, 经济建设, 机构名称、地址、网址、电话、传真、简介, 信息产业综合类, 上海市经济和信息化委员会
信息安全服务机构推荐名单, 机构团体, 机构名称、地址、联系电话, 信息产业综合类, 上海市经济和信息化委员会
电子政务领域国产信息安全产品使用排名, 公共安全, 产品类型、产商名称、应用数量, 信息产业综合类, 上海市经济和信息化委员会
集成电路设计企业, 经济建设, 企业名称、地址、主要产品、联系电话, 信息产业综合类, 上海市经济和信息化委员会
上海工业云创新服务试点企业, 经济建设, 上海、工业云、创新服务、试点, 信息产业综合类, 上海市经济和信息化委员会
节能技改领域专项资金分配结果, 经济建设, 2014、节能技改、专项资金、分配, 工业, 上海市经济和信息化委员会
合同能源管理领域专项资金分配结果, 经济建设, 2014、合同能源管理、专项资金, 工业, 上海市经济和信息化委员会
市经济信息化委行政审批事项, 经济建设, 审批事项、依据、处室、期限, 经济管理, 上海市经济和信息化委员会
优秀历史建筑信息, 城市建设, 优秀历史建筑, 房地产, 上海市住房保障和房屋管理局
居住小区信息, 城市建设, 居住小区, 房地产, 上海市住房保障和房屋管理局
物业管理专业人员信息, 城市建设, 物业管理专业人员, 房地产, 上海市住房保障和房屋管理局
注册房地产估价师, 城市建设, 注册房地产估价师, 房地产, 上海市住房保障和房屋管理局
住房公积金信息, 城市建设, 住房公积金, 城乡建设, 上海市城乡建设和管理委员会
售后公房维修资金信息, 城市建设, 维修资金, 城乡建设, 上海市城乡建设和管理委员会
欠缴税款纳税人名单, 经济建设, 纳税人基础信息，欠税信息, 税务, 上海市地方税务局
建筑业受理服务部门信息, 城市建设, 建筑业受理服务部门, 城乡建设, 上海市城乡建设和管理委员会
固定形式印刷品广告登记证, 经济建设, 固定形式印刷品，广告，登记证, 工商, 上海市工商行政管理局
经营异常企业信息, 经济建设, 工商，经营异常企业, 工商, 上海市工商行政管理局
执业经纪人信息, 经济建设, 工商，执业经纪人, 工商, 上海市工商行政管理局
地质灾害治理工程勘察、设计、施工、监理单位资质审批, 资源环境, 地质灾害治理工程勘察、设计、施工、监理单位资质审批, 矿藏, 上海市规划和国土资源管理局
地质勘查资质注册登记, 资源环境, 地质勘查资质注册登记, 矿藏, 上海市规划和国土资源管理局
垃圾分类场所, 城市建设, 名称，地址，街镇, 城乡建设与环境保护综合类, 上海市绿化和市容管理局
园林绿化企业资质信息, 城市建设, 营业执照注册号，法人名称，证件名称，证件号，发证单位，资质等级，有效期起，有效期止, 综合类, 上海市绿化和市容管理局
上海市智慧城市体验中心, 城市建设, 智慧城市、体验、中心, 信息产业综合类, 上海市经济和信息化委员会
智慧社区试点单位, 城市建设, 智慧社区、试点单位, 信息产业综合类, 上海市经济和信息化委员会
智慧村庄试点单位, 城市建设, 智慧村庄、试点单位, 信息产业综合类, 上海市经济和信息化委员会
智慧园区, 经济建设, 智慧园区, 信息产业综合类, 上海市经济和信息化委员会
电动自行车产品目录, 经济建设, 电动、自行车、产品目录, 工业, 上海市经济和信息化委员会
市国资委监管单位基本信息, 经济建设, 单位名称、地址、联系电话, 综合政务类, 上海市国有资产监督管理委员会
上海市2015年度行政事业性收费项目目录, 经济建设, 行政事业性收费, 财政, 上海市财政局
上海市税收收入统计情况, 经济建设, 上海市税收收入统计情况, 税务, 上海市地方税务局
上海市2015年度涉企行政事业性收费项目目录, 经济建设, 行政事业性收费, 财政, 上海市财政局
粮食管理机构信息, 机构团体, 粮食，管理，机构, 商贸综合类, 上海市粮食局
各区县税务分局对外服务窗口, 机构团体, 各区县税务分局对外服务窗口，办税服务厅, 税务, 上海市地方税务局
各直属税务分局对外服务窗口, 机构团体, 各直属税务分局对外服务窗口, 税务, 上海市地方税务局
各区县办税服务厅个人房产税专窗, 民生服务, 各区县办税服务厅个人房产税专窗, 税务, 上海市地方税务局
上海市各区县税务局私房出租代征点信息, 民生服务, 上海市各区县税务局私房出租代征点信息, 税务, 上海市地方税务局
法律援助中心, 机构团体, 法律援助中心, 政法综合类, 上海市司法局
基层法律服务所, 社会发展, 基层法律服务所, 政法综合类, 上海市司法局
公证处, 社会发展, 公证处, 政法综合类, 上海市司法局
报废机动车信息, 道路交通, 报废机动车, 国内贸易, 上海市商务委员会
上海标准化菜市场基本情况, 民生服务, 标准化、菜市场, 商贸综合类, 上海市商务委员会
公证员, 社会发展, 公证员, 司法, 上海市司法局
律师信息, 社会发展, 律师, 司法, 上海市司法局
外省市驻沪建管部门信息, 城市建设, 外省市驻沪建管部门, 城乡建设, 上海市城乡建设和管理委员会
基层法律工作者, 社会发展, 基层法律工作者, 司法, 上海市司法局
新型建设工程材料信息, 城市建设, 证书编号、企业名称、材料名称, 城乡建设, 上海市城乡建设和管理委员会
税务师事务所, 经济建设, 税务师事务所，地址，邮编，成立时间，姓名，联系方式, 税务, 上海市地方税务局
非正常户信息, 经济建设, 纳税人识别码，名称，法定代表人，认定日期，主管税务机关, 税务, 上海市地方税务局
上海市税务局零散税收委托征管代征人清册, 经济建设, 名称，地址，电话，时间, 税务, 上海市地方税务局
上海用于联合惩戒的重大税收违法案件信息汇总, 经济建设, 纳税人基础信息，涉税信息，涉案信息, 税务, 上海市地方税务局
上海市各区县房地产交易中心税务窗口, 机构团体, 地址、电话、对外服务时间、税务机关, 税务, 上海市地方税务局
医患纠纷人民调解委员会, 卫生健康, 医患纠纷人民调解委员会, 政法综合类, 上海市司法局
社区矫正中心, 公共安全, 社区矫正中心, 政法综合类, 上海市司法局
注册建筑师执业资格信息, 教育科技, 注册建筑师执业资格, 城乡建设, 上海市城乡建设和管理委员会
注册建造师执业资格信息, 教育科技, 注册建造师执业资格, 城乡建设, 上海市城乡建设和管理委员会
二手车交易信息, 道路交通, 二手车, 国内贸易, 上海市商务委员会
二手车鉴定评估机构, 道路交通, 二手车, 国内贸易, 上海市商务委员会
注册结构工程师信息, 教育科技, 注册结构工程师, 城乡建设, 上海市城乡建设和管理委员会
区县商务主管部门基本信息, 机构团体, 商务主管部门, 经贸管理, 上海市商务委员会
粮油仓储设施信息, 经济建设, 粮油，仓储，设施, 商贸综合类, 上海市粮食局
粮油加工企业信息, 经济建设, 粮油，加工，企业, 商贸综合类, 上海市粮食局
粮食批发市场信息, 经济建设, 粮食，批发，市场, 商贸综合类, 上海市粮食局
上海市国家级生态镇信息, 资源环境, 国家级生态镇, 城乡建设与环境保护综合类, 上海市环境保护局
医疗器械召回信息, 卫生健康, 医疗器械、医疗器械召回, 医药卫生管理, 上海市食品药品监督管理局
获GMP认证证书企业信息, 卫生健康, GMP证书，药品经营，企业, 医药卫生管理, 上海市食品药品监督管理局
保健食品生产单位信息, 卫生健康, 保健食品，企业, 医药卫生管理, 上海市食品药品监督管理局
水域保洁企业信息, 城市建设, 企业名称，单位地址，邮编, 城乡建设与环境保护综合类, 上海市绿化和市容管理局
花园单位信息, 城市建设, 区县，单位名称，命名时间, 综合类, 上海市绿化和市容管理局
公园活动情况, 文化休闲, 公园名称、活动内容（地址、交通等）、活动名称、活动日期, 文体综合类, 上海市绿化和市容管理局
上海市监察系统单位信息, 机构团体, 上海，监察，地址，电话, 综合类, 上海市监察局
采矿许可证审批, 资源环境, 采矿许可证审批, 矿藏, 上海市规划和国土资源管理局
矿产资源勘查许可证审批与地质调查项目登记, 资源环境, 矿产资源勘查许可证审批与地质调查项目登记, 矿藏, 上海市规划和国土资源管理局
《建设项目选址意见书》审批, 城市建设, 《建设项目选址意见书》审批, 城乡规划, 上海市规划和国土资源管理局
核定规划条件, 城市建设, 核定规划条件, 城乡规划, 上海市规划和国土资源管理局
《建设用地规划许可证》审批, 城市建设, 《建设用地规划许可证》审批, 城乡规划, 上海市规划和国土资源管理局
建设工程设计方案审批, 城市建设, 建设工程设计方案审批, 城乡规划, 上海市规划和国土资源管理局
《建设工程规划许可证》审批, 城市建设, 《建设工程规划许可证》审批, 城乡规划, 上海市规划和国土资源管理局
《建设项目选址意见书》（市政类）审批, 城市建设, 《建设项目选址意见书》（市政类）审批, 城乡规划, 上海市规划和国土资源管理局
《建设工程规划设计要求》（市政类）审批, 城市建设, 《建设工程规划设计要求》（市政类）审批, 城乡规划, 上海市规划和国土资源管理局
《建设工程规划设计方案》（市政类）审批, 城市建设, 《建设工程规划设计方案》（市政类）审批, 城乡规划, 上海市规划和国土资源管理局
《建设用地规划许可证》（市政类）审批, 城市建设, 《建设用地规划许可证》（市政类）审批, 城乡规划, 上海市规划和国土资源管理局
《建设用地规划许可证（市政类临时）》审批, 城市建设, 《建设用地规划许可证（市政类临时）》审批, 城乡规划, 上海市规划和国土资源管理局
《建设工程规划许可证》（市政交通）审批, 城市建设, 《建设工程规划许可证》（市政交通）审批, 城乡规划, 上海市规划和国土资源管理局
建筑工程竣工规划验收, 城市建设, 建筑工程竣工规划验收, 城乡规划, 上海市规划和国土资源管理局
一书两证的延期（市政类）, 城市建设, 一书两证的延期（市政类）, 城乡规划, 上海市规划和国土资源管理局
建筑工程开工放样复验, 城市建设, 建筑工程开工放样复验, 城乡规划, 上海市规划和国土资源管理局
建设项目用地预审（市批）, 城市建设, 建设项目用地预审（市批）, 城乡规划, 上海市规划和国土资源管理局
《临时建设工程规划许可证》审批, 城市建设, 《临时建设工程规划许可证》审批, 城乡规划, 上海市规划和国土资源管理局
上海市优秀学术/技术带头人计划项目资助人员名单, 教育科技, 科技学术技术带头人项目资助人员名单, 科技管理, 上海市科学技术委员会
司法鉴定人, 社会发展, 司法鉴定人, 司法, 上海市司法局
浦江人才计划资助人员名单, 教育科技, 科技浦江人才计划人员名单, 科技管理, 上海市科学技术委员会
人民调解委员会, 社会发展, 司法鉴定机构, 政法综合类, 上海市司法局
食品经营单位信息-食品流通企业, 卫生健康, 食品经营，食品流通，企业, 医药卫生管理, 上海市食品药品监督管理局
焚烧厂信息, 城市建设, 区县，地址, 城乡建设, 上海市绿化和市容管理局
食品经营单位信息-餐饮企业, 卫生健康, 食品经营，食品餐饮，企业, 医药卫生管理, 上海市食品药品监督管理局
污水处理设施信息, 资源环境, 单位名称、厂址、上级主管部门、设计规模(万m3/日)、年处理水量(万m3)、填表日期, 综合类, 上海市水务局
经市教委批准校外学习中心清单, 教育科技, 校外学习, 教育, 上海市教育委员会
上海市市奖学金分配信息, 教育科技, 奖学金, 教育, 上海市教育委员会
上海市国家励志奖学金分配信息, 教育科技, 奖学金, 教育, 上海市教育委员会
排水防汛应急类信息（防汛队伍）, 资源环境, 抢险范围、组成单位，队长，集结地点, 水利, 上海市水务局
全市林荫道情况, 文化休闲, 道路，路段, 城乡建设与环境保护综合类, 上海市绿化和市容管理局
生活垃圾无害化处理场信息, 城市建设, 区县，地址, 城乡建设, 上海市绿化和市容管理局
消防技术服务机构资质信息, 公共安全, 消防技术服务机构, 公安, 上海市公安局
无公害、绿色、有机农产品认证, 民生服务, 无公害，绿色，有机, 农业, 上海市农业委员会
上海市批准的农作物种子检验员信息, 教育科技, 农作物、种子、检验员, 农业, 上海市农业委员会
上海市农作物种子经营许可信息, 经济建设, 农作物、种子、经营, 农业, 上海市农业委员会
典当企业信息, 经济建设, 典当企业, 国内贸易, 上海市商务委员会
拍卖资质企业信息, 经济建设, 拍卖资质企业, 国内贸易, 上海市商务委员会
上海市农作物种子生产许可信息表, 经济建设, 农作物、种子、生产, 农业, 上海市农业委员会
上海市休闲垂钓场所信息, 文化休闲, 休闲垂钓, 渔业, 上海市农业委员会
下立交积水自动监测站点信息, 资源环境, 名称、地址、管理单位、养护单位、运营单位、产权单位, 综合类, 上海市水务局
排水防汛应急类信息（物资）, 资源环境, 储备点名称、储备点地址、联系人、电话、备注, 综合类, 上海市水务局
排水防汛应急类信息（设备）, 资源环境, 设备类别，品牌，数量, 综合类, 上海市水务局
旧区改造信息, 城市建设, 旧区改造, 城乡建设, 上海市城乡建设和管理委员会
海洋经济统计数据, 资源环境, 海洋经济，分析评估，统计信息, 统计, 上海市水务局
活禽定点零售交易点信息, 民生服务, 活禽定点零售交易点, 国内贸易, 上海市商务委员会
上海农村土地承包经营权流转管理服务中心, 机构团体, 土地，承包，流转, 农业, 上海市农业委员会
节水型企业（单位）信息, 资源环境, 企业（单位）名称，获评年度, 水利, 上海市水务局
企业用自来水水价信息, 资源环境, 执行时间，水价，适用范围, 水利, 上海市水务局
区县计划用水办公室信息, 资源环境, 名称，所属区县，地址，联系人, 水利, 上海市水务局
市属计划用水办事站点信息, 资源环境, 站点名称，地址，联系电话, 水利, 上海市水务局
节水型小区信息, 资源环境, 节水型，小区名称，获评年度, 水利, 上海市水务局
获GSP认证证书企业信息, 卫生健康, GSP证书，药品经营，企业, 医药卫生管理, 上海市食品药品监督管理局
药品、医疗器械第三方物流企业信息, 卫生健康, 药品、医疗器械第三方物流，企业, 医药卫生管理, 上海市食品药品监督管理局
集体用餐配送单位信息, 卫生健康, 集体用餐配送单位，企业, 医药卫生管理, 上海市食品药品监督管理局
印章承刻企业信息, 公共安全, 印章承刻企业, 公安, 上海市公安局
上海市优良种猪登记结果, 经济建设, 种猪, 畜牧业, 上海市农业委员会
上海市科技型中小企业技术创新资金项目信息, 教育科技, 科技中小企业创新资金项目, 科技管理, 上海市科学技术委员会
技术合同认定登记处基本信息, 教育科技, 科技技术合同认定登记处, 科技管理, 上海市科学技术委员会
上海市专业技术职务任职资格评审通过人员信息, 教育科技, 专业职称、评审、通过, 农业, 上海市农业委员会
农产品地理标志\t\t\t\t, 经济建设, 农产品、地理标志, 农业, 上海市农业委员会
上海市国家大学科技园, 教育科技, 科技大学科技园, 科教综合类, 上海市科学技术委员会
市级以上农业产业化重点龙头企业, 经济建设, 农业、重点龙头企业, 农业, 上海市农业委员会
上海市高新技术企业名单, 经济建设, 科技高新技术企业, 科技管理, 上海市科学技术委员会
烟火燃放单位资质信息, 公共安全, 烟火燃放单位, 公安, 上海市公安局
客运、轮渡码头及周边相关道路交通违法受理窗口信息, 道路交通, 客运、轮渡码头、交通违法受理窗口, 公安, 上海市公安局
上海市区县审计局信息, 机构团体, 审计区县联系地址, 审计, 上海市审计局
上海市城镇居民最低生活保障情况汇总表, 民生服务, 月上海市城镇居民最低生活保障情况汇总表1, 民政, 上海市民政局
上海市农村居民最低生活保障情况汇总表, 民生服务, 上海市农村居民最低生活保障情况, 民政, 上海市民政局
国家级产业化基地, 经济建设, 科技产业化基地, 科技管理, 上海市科学技术委员会
国家及上海市科技企业孵化器基本信息, 经济建设, 科技企业孵化器, 科技管理, 上海市科学技术委员会
上海农家乐旅游点信息, 文化休闲, 农家乐, 服务业, 上海市农业委员会
本市中心城区犬类管理信息, 民生服务, 宠物、诊所、, 畜牧业, 上海市农业委员会
上海市审计局审计结果公告, 经济建设, 审计结果, 审计, 上海市审计局
上海市审计局重点审计项目计划, 经济建设, 审计项目计划, 审计, 上海市审计局
关于市本级预算执行和其他财政收支的审计工作报告, 经济建设, 审计工作报告, 审计, 上海市审计局
关于审计整改情况的报告, 经济建设, 审计整改报告, 审计, 上海市审计局
上海市审计工作成果, 经济建设, 审计成果, 审计, 上海市审计局
食品相关产品生产许可获证企业信息, 卫生健康, 食品相关，生产许可证，获证企业, 综合类, 上海市质量技术监督局
全国社会工作者职业水平评价考试情况（上海）, 社会发展, 全国社会工作者职业水平评价考试情况（上海）, 民政, 上海市民政局
省际客运企业, 道路交通, 省际客运企业, 交通运输, 上海市交通委员会
驾驶员培训企业, 道路交通, 驾驶员培训企业, 交通运输, 上海市交通委员会
危险品运输企业, 道路交通, 危险品运输企业, 交通运输, 上海市交通委员会
普通货运企业, 道路交通, 普通货运企业, 交通运输, 上海市交通委员会
搬场运输企业, 道路交通, 搬场运输企业, 交通运输, 上海市交通委员会
货运出租企业信息, 道路交通, 货运出租企业信息, 交通运输, 上海市交通委员会
集装箱运输企业, 道路交通, 集装箱运输企业, 交通运输, 上海市交通委员会
资质认定（计量认证）获证机构信息, 经济建设, 资质认定，计量认证，获证机构, 综合类, 上海市质量技术监督局
计量校准实验室信息, 经济建设, 计量校准实验室，实验室, 综合类, 上海市质量技术监督局
社会公正计量行（站）信息, 机构团体, 社会公正，计量行，计量站, 综合类, 上海市质量技术监督局
重要工业产品生产许可证核发信息, 经济建设, 重要工业产品，生产许可，核发, 综合类, 上海市质量技术监督局
法定计量检定机构信息, 经济建设, 法定计量检定，机构信息, 综合类, 上海市质量技术监督局
教育部予以资格认定的自费出国留学中介机构清单（上海）, 教育科技, 自费出国留学中介, 教育, 上海市教育委员会
教育收费信息, 教育科技, 教育收费, 教育, 上海市教育委员会
上海市区县教育局清单, 教育科技, 区县教育局, 教育, 上海市教育委员会
市政府法制办公告2015年第1号, 社会发展, 规范性文件, 综合类, 上海市人民政府法制办公室
燃气企业、器具信息, 城市建设, 燃气企业，燃气器具, 城乡建设, 上海市城乡建设和管理委员会
建材备案部门基本信息, 城市建设, 名称、电话、地址, 城乡建设, 上海市城乡建设和管理委员会
上海市人民政府法制办公室主要职能, 社会发展, 职能, 综合类, 上海市人民政府法制办公室
2015年上海市人民政府法制办公室预算编制说明, 社会发展, 预算编制说明, 综合类, 上海市人民政府法制办公室
2015年度法制办财务表, 社会发展, 财, 综合类, 上海市人民政府法制办公室
重大工程项目信息, 城市建设, 重大工程、重大市政设施, 城乡建设与环境保护综合类, 上海市城乡建设和管理委员会
2015年上海市人民政府法制办公室部门&ldquo;三公&rdquo;经费预算说明, 社会发展, 预算说明, 综合类, 上海市人民政府法制办公室
保安服务业信息, 公共安全, 保安服务业, 公安, 上海市公安局
全市典当企业信息, 民生服务, 典当企业, 公安, 上海市公安局
生产性废旧金属回收企业信息, 资源环境, 废旧金属回收, 公安, 上海市公安局
营业性射击场信息, 文化休闲, 营业性射击场, 公安, 上海市公安局
公安局登记备案的机动车检测场信息, 道路交通, 机动车检测场, 公安, 上海市公安局
涉及公民权利义务的公安机关规范性文件信息, 民生服务, 公民权利义务、规范性文件, 公安, 上海市公安局
全市交通事故多发道路信息, 道路交通, 事故多发道路, 公安, 上海市公安局
内河船舶户牌及船民证办理点信息, 民生服务, 船舶户牌、船民证, 公安, 上海市公安局
全市出入境中介机构信息, 机构团体, 出入境、中介, 公安, 上海市公安局
市定价目录, 民生服务, 政府定价, 综合政务, 上海市发展和改革委员会
市属殡仪馆主要收费项目和标准, 民生服务, 收费项目, 民政综合类, 上海市发展和改革委员会
各类公办学校主要教育收费, 教育科技, 教育收费, 物价, 上海市发展和改革委员会
上海市2015年市本级一般公共预算支出预算数据, 经济建设, 市本级、一般公共预算、支出、预算, 财政, 上海市财政局
上海市2015年市本级政府性基金支出预算数据, 经济建设, 市本级、政府性基金、支出、预算, 财政, 上海市财政局
上海市2014年市本级政府性基金支出决算数据, 经济建设, 市本级、政府性基金、支出、决算, 财政, 上海市财政局
上海市2014年市本级一般公共预算支出决算数据, 经济建设, 市本级、一般公共预算、支出、决算, 财政, 上海市财政局
募捐组织信息（公募基金会）, 机构团体, 募捐组织, 民政, 上海市民政局
认建认养信息, 民生服务, 区域，可认建认养地块（树木），面积，棵树，联系电话，联系人, 城乡建设与环境保护综合类, 上海市绿化和市容管理局
福利企业信息公示, 经济建设, 福利企业, 民政, 上海市民政局
经批准的募捐活动信息, 民生服务, 募捐, 民政, 上海市民政局
婚姻收养登记机关信息, 民生服务, 婚姻, 民政, 上海市民政局
&ldquo;双特&rdquo;涉老行业受理部门, 民生服务, 双特、涉老行业, 民政, 上海市民政局
工程渣土运输服务企业信息, 城市建设, 企业名称, 城乡建设与环境保护综合类, 上海市绿化和市容管理局
上海市出境游旅行社信息, 文化休闲, 出境旅游业务资质的旅行社, 旅游, 上海市旅游局
上海赴台旅行社信息, 文化休闲, 赴台旅行社, 旅游, 上海市旅游局
上海市A级旅游景区最大承载量, 文化休闲, A级旅游景区，日最大承载量，瞬时最大承载量, 旅游, 上海市旅游局
全市社区旅游信息服务点信息, 文化休闲, 社区旅游信息服务点，街道，地址, 旅游、服务业综合类, 上海市旅游局
生活垃圾中转站信息, 城市建设, 区县，地址, 城乡建设, 上海市绿化和市容管理局
清道工人作息场所信息, 城市建设, 区县，地址, 城乡建设, 上海市绿化和市容管理局
倒粪站信息, 城市建设, 区县，地址, 城乡建设, 上海市绿化和市容管理局
化粪池信息, 城市建设, 区县，地址, 城乡建设, 上海市绿化和市容管理局
生活垃圾收集点信息, 民生服务, 区县，地址, 城乡建设, 上海市绿化和市容管理局
珍惜动植物学信息, 教育科技, 学名、拉丁学名、所属科目、保护级别, 科教综合类, 上海市绿化和市容管理局
城市普通地下室信息, 城市建设, 普通地下室，工程名称，工程地址, 城乡建设, 上海市城乡建设和管理委员会
科学技术奖信息, 教育科技, 上海科技奖励清单, 科研工作, 上海市科学技术委员会
科普教育基地信息, 教育科技, 上海科技科普基地, 科教综合类, 上海市科学技术委员会
残疾人辅助器具服务点信息, 民生服务, 服务社名称联系地址联系人联系电话, 综合类, 
残疾车修理点信息, 民生服务, 单位名称地址负责人电话所属区县, 综合类, 
&ldquo;阳光基地&rdquo;信息, 民生服务, 机构名称地址联系电话联系人所属区县, 综合类, 
&ldquo;阳光之家&rdquo;信息, 民生服务, 机构名称、地址、联系电话、联系人、所属区县, 综合类, 
残疾人就业服务机构信息\t\t\t\t\t, 机构团体, 名称地址联系电话联系人所属区县, 综合类, 
残联机构信息, 机构团体, 名称、地址、联系电话, 综合类, 
&ldquo;阳光心园&rdquo;信息, 民生服务, 名称地址联系电话联系人所属区县, 综合类, 
残疾人康复中心信息, 民生服务, 名称地址联系电话联系人所属区县, 综合类, 
建筑相关行业协会信息, 城市建设, 建筑，协会, 城乡建设, 上海市城乡建设和管理委员会
初步设计审批单位信息, 城市建设, 初步设计, 城乡建设, 上海市城乡建设和管理委员会
残疾人康复服务指导站信息, 民生服务, 名称地址联系电话联系人所属区县, 综合类, 
电子信息制造领域行业协会, 机构团体, 协会名称、地址、服务内容、联系电话、会员单位, 信息产业综合类, 上海市经济和信息化委员会
场馆开放信息, 文化休闲, 场馆信息, 体育, 上海市体育局
体育机构, 文化休闲, 体育机构, 体育, 上海市体育局
上海市学校体育设施对外开放情况, 文化休闲, 体育设施，对外开放, 体育, 上海市体育局
上海市公益性健身场所, 文化休闲, 公益性健身场所、健身苑点, 体育, 上海市体育局
百姓健身步道信息, 文化休闲, 百姓健身步道, 体育, 上海市体育局
体育传统项目学校基本信息, 教育科技, 体育，传统项目，学校, 体育, 上海市体育局
区级体质监测指导中心信息, 卫生健康, 体质监测, 体育, 上海市体育局
社区百姓健身房信息, 文化休闲, 百姓健身房, 体育, 上海市体育局
百姓游泳池信息, 文化休闲, 百姓游泳池, 体育, 上海市体育局
社区公共运动场设施信息, 文化休闲, 社区，公共运动场, 体育, 上海市体育局
体彩销售点信息, 文化休闲, 体彩，销售点, 体育, 上海市体育局
各项体育运动记录信息, 文化休闲, 运动记录, 体育, 上海市体育局
农民体育健身工程, 文化休闲, 农民、体育健身, 体育, 上海市体育局
内资企业设立登记公告数据, 经济建设, 内资企业设立登记公告数据, 工商, 上海市工商行政管理局
上海各主要国家贸易经济数据, 经济建设, 主要国家、贸易、经济、数据, 商贸综合类, 上海市商务委员会
公交线路首末班车时间, 道路交通, 公交线路、首班车、末班车，时刻表, 交通运输, 上海市交通委员会
1978年以来社会消费品零售总额及其增长速度, 经济建设, 1978年以来社会消费品零售总额及其增长速度, 统计, 上海市统计局
勘察企业资质, 城市建设, 勘察、资质, 城乡建设, 上海市城乡建设和管理委员会
上海农村居民家庭收支情况, 经济建设, 农村城市居民收入、支出, 统计, 上海市统计局
上海社会消费品零售总额及其增长速度, 经济建设, 按销售地区分的零售总额, 统计, 上海市统计局
上海固定资产投资及增速, 经济建设, 固定资产投资、增速, 统计, 上海市统计局
上海轻重工业总产值, 经济建设, 轻、重工业总产值, 统计, 上海市统计局
上海人均生产总值统计, 经济建设, 人均生产总值, 统计, 上海市统计局
近三年货物运输总量（月度）, 经济建设, 近三年货物运输总量（月度）, 统计, 上海市统计局
1978年以来居民消费价格指数, 经济建设, 1978年以来居民消费价格指数, 统计, 上海市统计局
1978年以来固定资产投资及其增长速度, 经济建设, 1978年以来固定资产投资及其增长速度, 统计, 上海市统计局
1978年以来社会消费品零售总额按用途分类, 经济建设, 1978年以来社会消费品零售总额按用途分类, 统计, 上海市统计局
上海对外贸易经营者备案登记情况, 经济建设, 对外贸易经营者、备案登记, 对外贸易, 上海市商务委员会
1978年以来固定资产投资按经济类型分, 经济建设, 1978年以来固定资产投资按经济类型分, 统计, 上海市统计局
上海全社会固定资产投按管理渠道分, 经济建设, 基本建设、更新改造等固定资产投资, 统计, 上海市统计局
工程设计中标信息, 城市建设, 工程，设计，中标, 城乡建设, 上海市城乡建设和管理委员会
主要年份上海市生产总值按所有制分, 经济建设, 主要年份上海市生产总值按所有制分, 统计, 上海市统计局
第六次人口普查10%人口普查数据就业人口分行业文化构成, 社会发展, 第六次人口普查10%人口普查数据就业人口分行业文化构成, 统计, 上海市统计局
第六次人口普查10%人口普查数据就业人口行业分布, 社会发展, 第六次人口普查10%人口普查数据就业人口行业分布, 统计, 上海市统计局
第六次人口普查10%人口普查数据就业人口职业分布, 社会发展, 第六次人口普查10%人口普查数据就业人口职业分布, 统计, 上海市统计局
第六次人口普查10%人口普查数据就业人口年龄构成, 社会发展, 第六次人口普查10%人口普查数据就业人口年龄构成, 统计, 上海市统计局
1978年以来上海市生产总值（支出法）, 经济建设, 1978年以来上海市生产总值（支出法）, 统计, 上海市统计局
1978年以来商品零售价格指数, 经济建设, 1978年以来商品零售价格指数, 统计, 上海市统计局
1978年以来上海市生产总值比上年增长, 经济建设, 1978年以来上海市生产总值比上年增长, 统计, 上海市统计局
1978年以来人口密度和户籍人口期望寿命及户数、人口, 社会发展, 1978年以来人口密度和户籍人口期望寿命及户数、人口, 统计, 上海市统计局
1978年以来全员劳动生产率, 经济建设, 1978年以来全员劳动生产率, 统计, 上海市统计局
各时期社会经济主要指标, 经济建设, 各时期社会经济主要指标, 统计, 上海市统计局
1978年以来社会消费品零售总额按行业分类, 经济建设, 1978年以来社会消费品零售总额按行业分类, 统计, 上海市统计局
各行业所有制职工人数, 社会发展, 各行业所有制职工人数, 统计, 上海市统计局
1978年以来社会消费品零售总额按经济类型分, 经济建设, 1978年以来社会消费品零售总额按经济类型分, 统计, 上海市统计局
1980年以来农村居民家庭生活基本情况, 社会发展, 1980年以来农村居民家庭生活基本情况, 统计, 上海市统计局
1980年以来城市居民家庭生活基本情况, 经济建设, 1980年以来城市居民家庭生活基本情况, 统计, 上海市统计局
1978年以来生产总值构成, 经济建设, 1978年以来生产总值构成, 统计, 上海市统计局
1978年以来居民消费水平及指数, 经济建设, 1978年以来居民消费水平及指数, 统计, 上海市统计局
1978年以来生产总值收入法项目, 经济建设, 1978年以来生产总值收入法项目, 统计, 上海市统计局
1978年以来生产总值收入法项目构成, 经济建设, 1978年以来生产总值收入法项目构成, 统计, 上海市统计局
上海社会经济主要指标占全国比重, 经济建设, 上海社会经济主要指标占全国比重, 统计, 上海市统计局
1978年以来生产总值指数, 经济建设, 1978年以来生产总值指数, 统计, 上海市统计局
1978年以来居民消费价格指数分类别, 经济建设, 1978年以来居民消费价格指数分类别, 统计, 上海市统计局
1978年以来住宅投资和竣工建筑面积, 城市建设, 1978年以来住宅投资和竣工建筑面积, 统计, 上海市统计局
全社会各行业从业人员, 社会发展, 全社会各行业从业人员, 统计, 上海市统计局
1978年以来建筑业总产值、全员劳动生产率等主要指标, 经济建设, 1978年以来建筑业总产值、全员劳动生产率等主要指标, 统计, 上海市统计局
1978年以来最终消费支出及构成, 经济建设, 1978年以来最终消费支出及构成, 统计, 上海市统计局
1978年以来资本形成总额和指数, 经济建设, 1978年以来资本形成总额和指数, 统计, 上海市统计局
上海市人均生产总值, 经济建设, 上海市人均生产总值, 统计, 上海市统计局
历次人口普查数据, 社会发展, 历次人口普查数据, 统计, 上海市统计局
主要年份旅游产业增加值, 经济建设, 主要年份旅游产业增加值, 统计, 上海市统计局
上海市生产总值按产业分, 经济建设, 上海市生产总值按产业分, 统计, 上海市统计局
主要年份城镇登记失业人数和城镇登记失业率, 经济建设, 主要年份城镇登记失业人数和城镇登记失业率, 统计, 上海市统计局
国民经济主要指标比上年增长, 经济建设, 国民经济主要指标比上年增长, 统计, 上海市统计局
1978年以来固定资产投资按投资类别分, 经济建设, 1978年以来固定资产投资按投资类别分, 统计, 上海市统计局
主要年份能源消耗基本情况, 资源环境, 主要年份能源消耗基本情况, 统计, 上海市统计局
主要年份上海市生产总值按三次产业分, 经济建设, 主要年份上海市生产总值按三次产业分, 统计, 上海市统计局
主要年份上海市生产总值按非公有制经济分, 经济建设, 主要年份上海市生产总值按非公有制经济分, 统计, 上海市统计局
1978年以来工业总产值及其增长速度, 经济建设, 1978年以来工业总产值及其增长速度, 统计, 上海市统计局
主要年份信息产业增加值, 经济建设, 主要年份信息产业增加值, 统计, 上海市统计局
近三年工业生产者出厂价格指数（月度）, 经济建设, 近三年工业生产者出厂价格指数（月度）, 统计, 上海市统计局
近三年工业生产者购进价格指数（月度）, 经济建设, 近三年工业生产者购进价格指数（月度）, 统计, 上海市统计局
近三年全社会房地产开发总额（月度累计）, 经济建设, 近三年全社会房地产开发总额（月度累计）, 统计, 上海市统计局
近三年全社会固定资产投资总额（月度累计）, 经济建设, 近三年全社会固定资产投资总额（月度累计）, 统计, 上海市统计局
近三年商品销售总额（月度）, 经济建设, 近三年商品销售总额（月度）, 统计, 上海市统计局
近三年上海市出口总额（月度）, 经济建设, 近三年上海市出口总额（月度）, 统计, 上海市统计局
近三年上海市进口总额（月度）, 经济建设, 近三年上海市进口总额（月度）, 统计, 上海市统计局
近三年社会消费品零售额（月度）, 经济建设, 近三年社会消费品零售额（月度）, 统计, 上海市统计局
近三年外商实际投资实际到位金额总额（月度累计）, 经济建设, 近三年外商实际投资实际到位金额总额（月度累计）, 统计, 上海市统计局
第六次人口普查人口性别年龄构成, 社会发展, 第六次人口普查人口性别年龄构成, 统计, 上海市统计局
第六次人口普查出境人口, 社会发展, 第六次人口普查出境人口, 统计, 上海市统计局
第六次人口普查受教育程度人口的年龄构成, 社会发展, 第六次人口普查受教育程度人口的年龄构成, 统计, 上海市统计局
第六次人口普查少数民族人口数, 社会发展, 第六次人口普查少数民族人口数, 统计, 上海市统计局
再生资源回收网点备案信息, 资源环境, 再生资源、回收网点, 国内贸易, 上海市商务委员会
第六次人口普查民族人口, 社会发展, 第六次人口普查民族人口, 统计, 上海市统计局
第六次人口普查老年人口, 社会发展, 第六次人口普查老年人口, 统计, 上海市统计局
第六次人口普查人口密度, 社会发展, 第六次人口普查人口密度, 统计, 上海市统计局
第六次人口普查出生人口, 社会发展, 第六次人口普查出生人口, 统计, 上海市统计局
第六次人口普查死亡人口, 社会发展, 第六次人口普查死亡人口, 统计, 上海市统计局
上海市生产总值分行业统计, 经济建设, 上海市生产总值分行业统计, 统计, 上海市统计局
上海单位生产总值能耗, 经济建设, 单位生产总值能耗, 统计, 上海市统计局
上海工业总产值及其增长速度统计, 经济建设, 工业总产值、增速, 统计, 上海市统计局
上海住宅投资和竣工面积, 城市建设, 住宅投资、竣工面积, 统计, 上海市统计局
上海建筑业总产值和全员劳动生产率, 经济建设, 建筑业总产值、全员劳动生产率, 统计, 上海市统计局
上海社会消费品零售总额按经济类型分, 经济建设, 按经济类型分的零售总额, 统计, 上海市统计局
上海对外承包工程完成营业额, 经济建设, 对外承包工程、营业额, 对外贸易, 上海市商务委员会
测绘资质单位名录, 城市建设, 测绘资质单位名录、甲级、乙级、丙级、丁级, 城乡规划, 上海市规划和国土资源管理局
上海社会消费品零售总额按销售地区分, 经济建设, 按销售地区分的零售总额, 统计, 上海市统计局
上海社会消费品零售总额按行业分, 经济建设, 按行业分的零售总额, 统计, 上海市统计局
测绘行业名录, 城市建设, 测绘行业名录、规划定线测量单位、规划竣工测量单位、地理信息测量单位、互联网地图服务单位、地下管线测绘资质单位、外省市来沪测绘单位, 城乡规划, 上海市规划和国土资源管理局
上海社会消费品零售总额按用途分, 经济建设, 按用途分的零售总额, 统计, 上海市统计局
上海市生产总值统计, 经济建设, 生产总值、增速, 统计, 上海市统计局
地面沉降监测设施, 城市建设, 地面沉降监测设施、各区县地面沉降监测设施位置, 土地, 上海市规划和国土资源管理局
主要年份上海市生产总值（按所有制分）, 经济建设, 主要年份上海市生产总值, 统计, 上海市统计局
主要年份非公有制经济增加值(按产业分), 经济建设, 主要年份非公有制经济增加值, 统计, 上海市统计局
主要年份上海市生产总值(按三次产业分), 经济建设, 主要年份上海市生产总值, 统计, 上海市统计局
历次人口普查资料, 社会发展, 历次人口普查资料, 统计, 上海市统计局
各行业职工人数（2011）, 社会发展, 各行业职工人数, 统计, 上海市统计局
各行业在岗职工人数（2011）, 社会发展, 各行业在岗职工人数, 统计, 上海市统计局
市局外资企业撤销公告数据, 经济建设, 市局，外资企业，撤销，公告, 工商, 上海市工商行政管理局
浦东新区分局外国（地区）常驻代表机构撤销公告数据, 经济建设, 浦东新区分局，外国（地区）常驻代表机构，撤销，公告, 工商, 上海市工商行政管理局
浦东新区分局外国（地区）常驻代表机构注销公告数据, 经济建设, 浦东新区分局，外国（地区）常驻代表机构，注销，公告, 工商, 上海市工商行政管理局
浦东新区分局外国（地区）常驻代表机构换证公告数据, 经济建设, 浦东新区分局，外国（地区）常驻代表机构，换证，公告, 工商, 上海市工商行政管理局
浦东新区分局外国（地区）常驻代表机构名称变更公告数据, 经济建设, 浦东新区分局，外国（地区）常驻代表机构，名称，变更，公告, 工商, 上海市工商行政管理局
浦东新区分局外国（地区）常驻代表机构设立公告数据, 经济建设, 浦东新区分局，外国（地区）常驻代表机构，设立，公告, 工商, 上海市工商行政管理局
上海居民消费价格, 经济建设, 居民消费价格, 统计, 上海市统计局
浦东新区分局外资企业撤销公告数据, 经济建设, 浦东新区分局，外资企业，撤销，公告, 工商, 上海市工商行政管理局
上海商品零售价格, 民生服务, 居民消费价格, 统计, 上海市统计局
浦东新区分局外资企业注销公告数据, 经济建设, 浦东新区分局，外资企业，注销，公告, 工商, 上海市工商行政管理局
浦东新区分局外资企业名称变更公告数据, 经济建设, 浦东新区分局，外资企业，名称变更，公告, 工商, 上海市工商行政管理局
浦东新区分局外资企业设立公告数据, 经济建设, 浦东新区分局，外资企业，设立，公告, 工商, 上海市工商行政管理局
上海城市居民家庭收支情况, 经济建设, 商品零售价格, 统计, 上海市统计局
市局外国（地区）常驻代表机构撤销公告数据, 经济建设, 市局，外国（地区）常驻代表机构，撤销，公告, 工商, 上海市工商行政管理局
历年户数、人口、人口密度和户籍人口期望寿命, 社会发展, 历年户数、人口、人口密度和户籍人口期望寿命, 统计, 上海市统计局
市局外国（地区）常驻代表机构注销公告数据, 经济建设, 市局，外国（地区）常驻代表机构，注销，公告, 工商, 上海市工商行政管理局
市局外国（地区）常驻代表机构换证公告数据, 经济建设, 市局，外国（地区）常驻代表机构，换证，公告, 工商, 上海市工商行政管理局
市局外国（地区）常驻代表机构名称变更公告数据, 经济建设, 市局，外国（地区）常驻代表机构，名称变更，公告, 工商, 上海市工商行政管理局
市局外国（地区）常驻代表机构设立公告数据, 经济建设, 市局，外国（地区）常驻代表机构，设立，公告, 工商, 上海市工商行政管理局
市局外资企业注销公告数据, 经济建设, 市局外资企业注销公告数据, 工商, 上海市工商行政管理局
市局外资企业名称变更公告数据, 经济建设, 市局，外资企业，名称变更，公告, 工商, 上海市工商行政管理局
市局外资企业设立公告数据, 经济建设, 市局，外资企业，设立，公告, 工商, 上海市工商行政管理局
内资企业注销公告数据, 经济建设, 内资企业，注销，公告, 工商, 上海市工商行政管理局
内资企业名称变更公告数据, 经济建设, 内资企业，名称变更，公告, 工商, 上海市工商行政管理局
上海社会经济主要指标占全国比重(2011), 经济建设, 上海社会经济主要指标占全国比重(2011), 统计, 上海市统计局
历年国民经济主要指标比上年增长, 经济建设, 历年国民经济主要指标比上年增长, 统计, 上海市统计局
探矿许可证信息, 城市建设, 探矿许可证信息、申请人、许可证编号、区域坐标、发证日期, 矿藏, 上海市规划和国土资源管理局
城乡规划编制资质单位名录, 城市建设, 城乡规划编制资质单位名录、资质等级、证书编号、地址、证书有效期起始年、证书有效期终止年、单位名称、状态, 城乡规划, 上海市规划和国土资源管理局
当前交易地块信息, 城市建设, 当前交易地块信息、地块名称、四至范围、出让面积、规划用途、容积率、出让年限、现状条件, 土地, 上海市规划和国土资源管理局
历史成交地块信息, 城市建设, 历史成交地块信息、地块名称、四至范围、出让面积、规划用途、容积率、出让年限、现状条件、竞得价、竞得人、竞得日期, 土地, 上海市规划和国土资源管理局
采矿许可证信息, 资源环境, 采矿许可证信息、许可证号、申请人、办公地址、最终产品、电话、邮编、法人代表、矿种、有效期、发证日期, 矿藏, 上海市规划和国土资源管理局
建设项目选址意见书, 城市建设, 建设项目选址意见书、项目名称、发证编号、发证日期、建设地点、建设单位, 城乡规划, 上海市规划和国土资源管理局
建设用地规划许可证, 城市建设, 建设用地规划许可证、项目名称、发证编号、发证日期、建设地点、建设单位, 城乡规划, 上海市规划和国土资源管理局
建设工程规划许可证（建筑类）, 城市建设, 建设工程规划许可证（建筑类）、项目名称、发证编号、发证日期、建设地点、建设单位, 城乡规划, 上海市规划和国土资源管理局
建设工程规划许可证（市政类）, 城市建设, 建设工程规划许可证（市政类）、项目名称、发证编号、发证日期、建设地点、建设单位, 城乡规划, 上海市规划和国土资源管理局
建设工程竣工规划验收合格证, 城市建设, 建设工程竣工规划验收合格证、项目名称、发证编号、发证日期、建设地点、建设单位, 城乡规划, 上海市规划和国土资源管理局
地质灾害防治单位名录, 城市建设, 地质灾害防治单位名录、单位名称、类别、等级、联系电话、证书编号, 矿藏, 上海市规划和国土资源管理局
全市规土局、协会名录, 机构团体, 全市规土局、协会名录、单位名称、地址、联系电话, 城乡规划, 上海市规划和国土资源管理局
上海市基础测绘成果, 城市建设, 产品分类、产品名称、覆盖范围、更新周期、数据格式、坐标系统、单价, 城乡规划, 上海市规划和国土资源管理局
建设工程设计方案, 城市建设, 建设工程设计方案、项目名称、发证编号、发证日期、建设地点、建设单位, 城乡规划, 上海市规划和国土资源管理局
建设工程设计要求, 城市建设, 建设工程设计要求、项目名称、发证编号、发证日期、建设地点、建设单位, 城乡规划, 上海市规划和国土资源管理局
住宅工程竣工备案信息, 城市建设, 住宅工程，竣工备案, 城乡建设, 上海市城乡建设和管理委员会
备案建材信息, 城市建设, 建材、备案, 城乡建设, 上海市城乡建设和管理委员会
工程施工中标信息, 城市建设, 工程，施工，中标, 城乡建设, 上海市城乡建设和管理委员会
工程监理中标信息, 城市建设, 工程，监理，中标, 城乡建设, 上海市城乡建设和管理委员会
工程勘察中标信息, 城市建设, 工程，勘察，中标, 综合类, 上海市城乡建设和管理委员会
上海市跨境人民币结算试点企业情况, 经济建设, 跨境人民币结算、试点企业名单, 对外贸易, 上海市商务委员会
上海1000万美元以上外商投资项目情况, 经济建设, 1000万美元以上、外资, 对外贸易, 上海市商务委员会
上海市粮食批发行情, 民生服务, 粮食批发, 国内贸易, 上海市商务委员会
上海市活鸡批发行情, 民生服务, 活鸡批发, 国内贸易, 上海市商务委员会
上海市肉品批发行情, 民生服务, 肉品批发, 国内贸易, 上海市商务委员会
上海市消费指数信息, 经济建设, 消费指数, 商贸综合类, 上海市商务委员会
上海对外直接投资核准额, 经济建设, 对外直接投资, 对外贸易, 上海市商务委员会
上海对外劳务合作派遣人数、月末在外人数, 社会发展, 劳务合作, 对外贸易, 上海市商务委员会
上海现代服务业集聚区基本情况, 经济建设, 现代服务业、集聚区, 服务业, 上海市商务委员会
上海主要展馆信息, 经济建设, 展馆, 综合类, 上海市商务委员会
上海服务外包专业园区基本情况, 经济建设, 服务外包、专业园区, 商贸综合类, 上海市商务委员会
上海主要国际展览会信息, 经济建设, 国际展览会, 综合类, 上海市商务委员会
上海电子商务示范企业基本情况, 经济建设, 电子商务、示范企业, 商贸综合类, 上海市商务委员会
上海市实施&ldquo;走出去&rdquo;战略先进企业情况, 经济建设, 走出去、先进企业, 商贸综合类, 上海市商务委员会
上海市展会项目基本情况, 经济建设, 展会、项目, 商贸综合类, 上海市商务委员会
上海外商投资环境白皮书, 经济建设, 外资、投资环境, 商贸综合类, 上海市商务委员会
上海开发区基本情况, 经济建设, 开发区、国家级、市级, 商贸综合类, 上海市商务委员会
上海全球贸促机构基本情况, 经济建设, 全球、贸促、机构, 商贸综合类, 上海市商务委员会
上海对外承包工程完成营业额、新签合同额, 经济建设, 对外承包工程, 对外贸易, 上海市商务委员会
部分农贸市场及超市主要蔬菜品种价格, 民生服务, 蔬菜价格, 物价, 上海市发展和改革委员会
清真网点, 民生服务, 清真、食品、副食、饮食, 综合类, 上海市民族和宗教事务委员会
宗教院校, 教育科技, 宗教、院校, 综合类, 上海市民族和宗教事务委员会
宗教教职人员, 教育科技, 宗教、教职人员, 综合类, 上海市民族和宗教事务委员会
最新上市楼盘相关信息, 民生服务, 最新上市楼盘, 房地产, 上海市住房保障和房屋管理局
体育彩票公益金情况公告, 文化休闲, 体育彩票, 体育, 上海市体育局
国家知识产权局专利局上海代办处服务时间, 教育科技, 国家知识产权局专利局上海代办处，服务时间, 知识产权, 上海市知识产权局
上海市知识产权试点示范园区名录, 教育科技, 上海市，知识产权试点示范园区，名录, 知识产权, 上海市知识产权局
持有《上海公共安全防范工程设计施工单位核准证书》名单, 公共安全, 上海公共安全防范工程设计施工单位核准证书, 公安, 上海市公安局
看守所信息, 公共安全, 上海市各看守所;位置信息, 公安, 上海市公安局
拘留所信息, 公共安全, 上海市各拘留所;位置信息, 公安, 上海市公安局
强制戒毒所信息, 公共安全, 上海市强制戒毒所;位置信息, 公安, 上海市公安局
社保卡受理网点, 机构团体, 社保卡, 公安, 上海市公安局
2015年烟花爆竹零售点, 公共安全, 烟花爆竹, 公安, 上海市公安局
高架上匝道关闭时间, 道路交通, 高架上匝道关闭时间, 公安, 上海市公安局
上海市现制现售水经营单位, 卫生健康, 现制现售水, 医药卫生管理, 上海市卫生和计划生育委员会
上海市中小学生、婴幼儿住院医疗互助基金定点医疗机构, 卫生健康, 互助基金, 医药卫生管理, 上海市卫生和计划生育委员会
本市经许可开展节育手术和终止妊娠技术的医疗机构, 卫生健康, 节育手术, 医药卫生管理, 上海市卫生和计划生育委员会
本市经许可开展助产技术的医疗机构, 卫生健康, 助产技术, 医药卫生管理, 上海市卫生和计划生育委员会
经批准本市开展产前诊断的医疗机构, 卫生健康, 产前诊断, 医药卫生管理, 上海市卫生和计划生育委员会
经批准本市开展人类辅助生殖技术的服务机构, 卫生健康, 辅助生殖技术, 医药卫生管理, 上海市卫生和计划生育委员会
上海市妇幼保健所基本信息, 卫生健康, 妇幼保健, 医药卫生管理, 上海市卫生和计划生育委员会
上海国家工程技术研究中心, 教育科技, 国家工程技术研究中心名称、联系人、电话、传真、email, 科技管理, 上海市科学技术委员会
居民委员会, 机构团体, 居民委员会，地址, 公安, 上海市公安局
网吧信息, 文化休闲, 网吧，网吧位置, 公安, 上海市公安局
市、区两级消防安全重点单位名单、分级等信息, 公共安全, 单位名称，单位地址, 公安, 上海市公安局
居住证受理网点, 机构团体, 居住证, 公安, 上海市公安局
保安培训机构, 公共安全, 单位名称，单位地址, 公安, 上海市公安局
保安从业单位, 公共安全, 单位名称，单位地址, 公安, 上海市公安局
上海市&ldquo;安全优质信得过果园&rdquo;名单, 民生服务, 果园名称, 林业, 上海市绿化和市容管理局
上海市高等教育机构名单, 教育科技, 高等，院系，联系方式, 教育, 上海市教育委员会
环境管理与服务机构, 机构团体, 环境管理，服务机构, 城乡建设与环境保护综合类, 上海市环境保护局
体育设施对外开放学校名录, 教育科技, 体育，设施，开放，学校, 教育, 上海市教育委员会
上海市基础教育机构名单, 教育科技, 中小学，联系方式, 教育, 上海市教育委员会
市、区县卫生计生委, 机构团体, 卫生计生委, 医药卫生管理, 上海市卫生和计划生育委员会
计划生育药具免费发放点, 卫生健康, 计划生育, 计划生育, 上海市卫生和计划生育委员会
司法鉴定机构, 社会发展, 司法鉴定机构, 政法综合类, 上海市司法局
律师事务所, 社会发展, 律师事务所, 政法综合类, 上海市司法局
上海市医疗机构发热门诊基本信息, 卫生健康, 发热门诊, 医药卫生管理, 上海市卫生和计划生育委员会
街道乡镇司法所, 机构团体, 法律服务、街道乡镇司法所, 政法综合类, 上海市司法局
二级医疗机构, 卫生健康, 医疗机构, 医药卫生管理, 上海市卫生和计划生育委员会
三级医疗机构, 卫生健康, 医疗机构, 医药卫生管理, 上海市卫生和计划生育委员会
上海市荣誉市民获奖者名单, 社会发展, 荣誉市民, 综合类, 上海市人民政府外事办公室
上海市领事认证量, 社会发展, 领事认证, 对外事务综合类, 上海市人民政府外事办公室
社区生活服务中心, 民生服务, 社区生活服务中心, 民政, 上海市民政局
上海市公务员管理机构概况信息, 机构团体, 上海市、公务员管理机构概况, 综合类, 上海市公务员局
超市商品价格信息, 民生服务, 超市价格, 物价, 上海市发展和改革委员会
水闸泵站运行信息6, 资源环境, 水闸泵站工况, 水利, 上海市水务局
企业获证信息, 经济建设, 许可证，生产企业, 检验、检疫, 上海市质量技术监督局
医疗器械经营企业信息, 卫生健康, 医疗器械、医疗器械经营、企业, 医药卫生管理, 上海市食品药品监督管理局
食品生产企业信息, 卫生健康, 食品、食品生产、企业, 医药卫生管理, 上海市食品药品监督管理局
保健食品生产企业信息, 卫生健康, 保健食品、保健食品生产、企业, 医药卫生管理, 上海市食品药品监督管理局
食药监机构信息, 卫生健康, 食药监机构, 医药卫生管理, 上海市食品药品监督管理局
大型科学仪器设施, 教育科技, 仪器、设施, 科技管理, 上海市科学技术委员会
技术创新服务平台, 教育科技, 技术创新平台，创新服务, 科技管理, 上海市科学技术委员会
专业技术平台, 教育科技, 专业技术，平台, 科技管理, 上海市科学技术委员会
医疗器械生产企业信息, 卫生健康, 医疗器械、医疗器械生产、企业, 医药卫生管理, 上海市食品药品监督管理局
化妆品生产企业信息, 卫生健康, 化妆品、化妆品生产、企业, 医药卫生管理, 上海市食品药品监督管理局
药品经营企业信息, 卫生健康, 药品、药品经营、企业, 医药卫生管理, 上海市食品药品监督管理局
药品生产企业信息, 卫生健康, 药品、药品生产、企业, 医药卫生管理, 上海市食品药品监督管理局
食品餐饮企业查询信息, 卫生健康, 食品、食品餐饮、企业, 医药卫生管理, 上海市食品药品监督管理局
食品流通企业信息, 卫生健康, 食品、食品流通、企业, 医药卫生管理, 上海市食品药品监督管理局
招标代理机构资质, 城市建设, 招标代理机构资质, 城乡建设, 上海市城乡建设和管理委员会
造价咨询企业资质, 城市建设, 造价咨询企业资质, 城乡建设, 上海市城乡建设和管理委员会
施工企业资质, 城市建设, 施工企业资质, 城乡建设, 上海市城乡建设和管理委员会
设计企业资质, 城市建设, 设计企业资质, 城乡建设, 上海市城乡建设和管理委员会
计生事务受理机构, 机构团体, 计生, 计划生育, 上海市卫生和计划生育委员会
监理企业资质, 城市建设, 监理资质, 城乡建设, 上海市城乡建设和管理委员会
人口计生综合服务站, 卫生健康, 计生, 计划生育, 上海市卫生和计划生育委员会
公共厕所, 民生服务, 公共厕所，地址, 综合类, 上海市绿化和市容管理局
公园绿地, 民生服务, 公园绿地, 综合类, 上海市绿化和市容管理局
古树名木, 民生服务, 古树名木, 综合类, 上海市绿化和市容管理局
绿化市容管理与服务机构, 机构团体, 机构名称，联系地址, 综合类, 上海市绿化和市容管理局
野生动植物重要栖息地, 民生服务, 野生动植物重要栖息地, 水资源, 上海市绿化和市容管理局
科技管理与服务机构, 教育科技, 科技管理，服务机构, 科技管理, 上海市科学技术委员会
上海市白蚁防治机构一览表, 民生服务, 白蚁防治, 房地产, 上海市住房保障和房屋管理局
各区（县）房屋应急维修信息, 城市建设, 应急维修, 房地产, 上海市住房保障和房屋管理局
房地产经纪企业基本信息, 城市建设, 房地产经纪企业, 房地产, 上海市住房保障和房屋管理局
拆除施工企业信息, 城市建设, 拆除施工企业, 房地产, 上海市住房保障和房屋管理局
房管行业岗位水平证书信息, 城市建设, 房管行业，岗位水平证书, 房地产, 上海市住房保障和房屋管理局
保障房工程项目信息, 城市建设, 保障房工程, 房地产, 上海市住房保障和房屋管理局
直属事业单位名录, 机构团体, 直属事业单位, 房地产, 上海市住房保障和房屋管理局
上海市商品住宅维修资金专户年度归集和划转统计表, 城市建设, 维修资金, 房地产, 上海市住房保障和房屋管理局
各区房地集团直管公房咨询、信访接待联系方式, 城市建设, 房地集团名称，信访接待, 房地产, 上海市住房保障和房屋管理局
物业管理企业基本信息, 城市建设, 物业管理企业, 房地产, 上海市住房保障和房屋管理局
拆迁资质单位基本信息, 城市建设, 拆迁资质, 房地产, 上海市住房保障和房屋管理局
房地产开发企业基本信息, 城市建设, 开发企业、资质证书, 房地产, 上海市住房保障和房屋管理局
网上房地产一手房可售数据, 民生服务, 一手房, 房地产, 上海市住房保障和房屋管理局
网上房地产二手房可售数据, 民生服务, 二手房, 房地产, 上海市住房保障和房屋管理局
全市房管局系统业务受理处信息, 机构团体, 业务受理处, 房地产, 上海市住房保障和房屋管理局
四高优秀小区信息, 城市建设, 四高优秀小区, 房地产, 上海市住房保障和房屋管理局
房地产评估企业信息, 城市建设, 房地产评估企业, 房地产, 上海市住房保障和房屋管理局
房地产交易中心名录, 机构团体, 房地产交易中心, 房地产, 上海市住房保障和房屋管理局
房屋质量检测人员信息, 城市建设, 房屋质量检测人员, 房地产, 上海市住房保障和房屋管理局
上海市房屋质量检测推荐单位信息, 城市建设, 房屋质量检测, 房地产, 上海市住房保障和房屋管理局
拆房安全管理办事机构名录, 机构团体, 拆房安全管理办事机构, 房地产, 上海市住房保障和房屋管理局
市筹公租房申请受理点信息, 机构团体, 公租房申请受理点, 房地产, 上海市住房保障和房屋管理局
区县住房保障中心名录, 机构团体, 住房保障中心名录, 房地产, 上海市住房保障和房屋管理局
区（县）房管部门名录, 机构团体, 房管部门名录, 房地产, 上海市住房保障和房屋管理局
就业促进中心相关信息, 社会发展, 机构名称、地址，联系电话、服务时间、附近交通, 劳动人事综合类, 上海市人力资源和社会保障局
上海旅游名牌产品名录, 文化休闲, 旅游名牌产品, 旅游, 上海市旅游局
上海旅游行业管理机构, 机构团体, 旅游行业管理机构, 旅游, 上海市旅游局
上海市A级景区名单, 文化休闲, 旅游，A级景区, 旅游, 上海市旅游局
上海市星级饭店名单, 文化休闲, 旅游，星级饭店, 旅游, 上海市旅游局
上海市领队人员名单, 文化休闲, 旅游，领队, 旅游, 上海市旅游局
上海市导游人员名单, 文化休闲, 旅游，导游, 旅游, 上海市旅游局
上海市旅行社名单, 文化休闲, 旅行社，名称，许可证号，地址，电话，等级, 旅游, 上海市旅游局
质监局机构信息, 机构团体, 质监机构, 机构编制, 上海市质量技术监督局
许可执业人员获证信息, 经济建设, 作业人员, 检验、检疫, 上海市质量技术监督局
检验检测机构信息, 机构团体, 检测机构、检验机构, 检验、检疫, 上海市质量技术监督局
停车场（库、位）, 道路交通, 上海停车场（库、位）的备案证号、地址、核定收费标准、时间、电话, 交通运输, 上海市交通委员会
停车场静态信息, 道路交通, 停车场核定收费标准、营业时间、联系电话、车位数、停车场性质、入口地址、出口地址, 交通运输, 上海市交通委员会
自然保护区, 民生服务, 自然保护区, 土地, 上海市绿化和市容管理局
湿地, 民生服务, 湿地, 水资源, 上海市绿化和市容管理局
车辆清洗点, 民生服务, 车辆清洗点, 综合类, 上海市绿化和市容管理局
车辆统计信息, 道路交通, 公交、出租、驾培、客运、货运信息的车辆总数, 交通运输, 上海市交通委员会
机动车维修企业, 民生服务, 机动车维修的企业名称、经营地址、经营范围、联系电话, 交通运输, 上海市交通委员会
烈士陵园, 民生服务, 烈士陵园, 民政, 上海市民政局
上海市文化产业园区情况一览表, 文化休闲, 文化，产业园区, 文体综合类, 上海市文化广播影视管理局
上海市各类演出场所情况一览表, 文化休闲, 演出，场所, 文学艺术, 上海市文化广播影视管理局
上海各区县受理窗口情况一览表（文化）, 文化休闲, 行政审批受理, 文体综合类, 上海市文化广播影视管理局
上海市电影院情况一览表, 文化休闲, 电影院, 广播、电影、电视, 上海市文化广播影视管理局
上海各类博物馆情况一览表, 文化休闲, 博物馆, 文物、考古, 上海市文化广播影视管理局
精神卫生中心, 卫生健康, 精神卫生中心, 民政, 上海市民政局
骨灰堂, 民生服务, 骨灰堂, 民政, 上海市民政局
殡仪馆, 民生服务, 殡仪馆, 民政, 上海市民政局
社区事务受理中心, 机构团体, 社区事务受理中心, 民政, 上海市民政局
宗教场所, 民生服务, 宗教场所, 综合类, 上海市民族和宗教事务委员会
经常性社会救助接收点, 民生服务, 经常性社会救助接收点, 民政, 上海市民政局
慈善超市, 民生服务, 慈善超市, 民政, 上海市民政局
海葬服务机构, 民生服务, 海葬, 民政, 上海市民政局
殡葬服务代理机构, 民生服务, 殡葬服务代理机构, 民政, 上海市民政局
公墓, 民生服务, 公墓, 民政, 上海市民政局
婚姻登记机构, 机构团体, 婚姻登记, 民政, 上海市民政局
救助管理站, 民生服务, 救助管理站, 民政, 上海市民政局
慈善救助服务社, 民生服务, 慈善救助服务社, 民政, 上海市民政局
上海市养老机构, 民生服务, 养老机构, 民政, 上海市民政局
社会救助管理机构, 机构团体, 社会救助, 民政, 上海市民政局
出入境受理点, 机构团体, 出入境受理点, 公安, 上海市公安局
居民身份证拍照点, 民生服务, 居民身份证拍照点, 公安, 上海市公安局
车管所, 道路交通, 车管所, 公安, 上海市公安局
部分农贸市场及超市主要肉蛋鱼价格, 民生服务, 肉、鸡蛋、花鲢鱼、鲫鱼, 物价, 上海市发展和改革委员会
部分超市主要粮油品种价格, 民生服务, 粮油品种价格, 物价, 上海市发展和改革委员会
生猪玉米价格, 民生服务, 猪肉价格、玉米价格, 物价, 上海市发展和改革委员会
上海市社区卫生服务中心基本信息, 卫生健康, 社区卫生, 医药卫生管理, 上海市卫生和计划生育委员会
经许可开展婚前医学检查的医疗机构, 卫生健康, 婚前医学检查, 医药卫生管理, 上海市卫生和计划生育委员会
医疗急救机构, 卫生健康, 医疗急救, 医药卫生管理, 上海市卫生和计划生育委员会
上海市职业健康检查机构, 卫生健康, 职业健康, 医药卫生管理, 上海市卫生和计划生育委员会
上海市职业病诊断机构, 卫生健康, 职业病, 医疗保健, 上海市卫生和计划生育委员会
上海市职业病鉴定办事机构, 卫生健康, 职业病, 医药卫生管理, 上海市卫生和计划生育委员会
上海市卫生监督机构, 机构团体, 卫生监督, 医药卫生管理, 上海市卫生和计划生育委员会
上海市公共场所卫生技术服务机构, 卫生健康, 公共场所, 医药卫生管理, 上海市卫生和计划生育委员会
上海市放射卫生技术服务机构, 卫生健康, 放射卫生, 医药卫生管理, 上海市卫生和计划生育委员会
上海市从业人员预防性健康检查机构, 卫生健康, 健康检查, 医药卫生管理, 上海市卫生和计划生育委员会
上海市犬伤门诊基本信息, 卫生健康, 犬伤, 医药卫生管理, 上海市卫生和计划生育委员会
上海市结核病定点医院, 卫生健康, 结核病, 医药卫生管理, 上海市卫生和计划生育委员会
上海市接种门诊信息, 卫生健康, 接种门诊, 医药卫生管理, 上海市卫生和计划生育委员会
上海市艾滋病自愿免费咨询检测点, 卫生健康, 艾滋病, 医药卫生管理, 上海市卫生和计划生育委员会
上海市、区县眼病防治机构, 卫生健康, 眼病防治, 医药卫生管理, 上海市卫生和计划生育委员会
上海市、区县牙病防治机构, 卫生健康, 牙病防治, 医药卫生管理, 上海市卫生和计划生育委员会
上海市、区县疾病预防控制机构, 卫生健康, 疾病预防控制, 医药卫生管理, 上海市卫生和计划生育委员会
本市道路主要管理措施, 道路交通, 本市道路主要管理措施, 公安, 上海市公安局
外环线以内区域机动车道路停车场, 道路交通, 外环线以内区域机动车道路停车场, 公安, 上海市公安局
摄像头设置地点, 道路交通, 道路摄像头设置地点, 公安, 上海市公安局
交通事故理赔中心, 机构团体, 交通事故理赔中心, 公安, 上海市公安局
交通事故自行协商处理便民服务点高架道路&ldquo;便民服务箱&rdquo;位置分布, 道路交通, 交通事故，自行协商，处理服务点, 公安, 上海市公安局
交通管理与服务机构, 机构团体, 交通管理与服务机构, 公安, 上海市公安局
机动车违法受理点, 机构团体, 机动车违法受理点, 公安, 上海市公安局
上海市校外教育机构名单, 教育科技, 青少年，活动中心，联系方式，特色教育, 教育, 上海市教育委员会
节能服务机构, 资源环境, 机构名称、地址、服务时间、联系电话, 工业, 上海市经济和信息化委员会
产业结构调整市重点项目, 经济建设, 产业名称、地址、所属行业、占地面积、调整方式, 企业, 上海市经济和信息化委员会
上海市教育管理与服务机构名单, 教育科技, 教育，事业单位, 教育, 上海市教育委员会
上海市学前教育机构名单, 教育科技, 幼儿园，联系方式, 教育, 上海市教育委员会
上海市职业教育机构名单, 教育科技, 中职校，联系方式, 教育, 上海市教育委员会
学生体质健康监测中心名单, 卫生健康, 学生，体质健康, 教育, 上海市教育委员会
派出所基本情况, 公共安全, 派出所, , 上海市公安局
上海服务外包示范区基本情况, 经济建设, 服务外包、示范区, 商贸综合类, 上海市商务委员会
上海全社会固定资产投按经济类型分, 经济建设, 按经济类型分的固定资产投资, 统计, 上海市统计局
全市机动车维修行业统计, 道路交通, 全市机动车维修行业统计, 交通运输, 上海市交通运输和港口管理局
全市公共停车场库经营统计, 道路交通, 全市公共停车场库经营统计, 交通运输, 上海市交通运输和港口管理局
全市营运交通工具统计, 道路交通, 全市范围内各类营运交通工具统计数据, 交通运输, 上海市交通运输和港口管理局
全市营运交通线路统计, 道路交通, 全市营运交通线路统计, 交通运输, 上海市交通运输和港口管理局
国内航运企业名录, 道路交通, 全市国内航运企业名称等信息, 交通运输, 上海市交通运输和港口管理局
港口经营企业名录, 道路交通, 全市（不含区县）港口经营企业名称, 交通运输, 上海市交通运输和港口管理局
全市2011年机动车维修质量信誉考核3A企业名录, 道路交通, 全市2011年机动车维修质量信誉考核、3A企业名称、联系方式, 交通运输, 上海市交通运输和港口管理局
全市道路货运出租企业名录, 道路交通, 全市道路货运、出租企业名称、联系方式, 企业, 上海市交通运输和港口管理局
全市道路货运搬场企业名录, 道路交通, 全市道路货运、搬场企业名称、联系方式, 企业, 上海市交通运输和港口管理局
安全技术防范产品持证信息, 公共安全, 安全技术防范产品、持证信息, 公安, 上海市公安局
公共信用信息查询服务, 信用服务, 公共信用信息，查询服务, 综合类, 上海市经济和信息化委员会
车辆环保标志作废声明, 资源环境, 车辆、环保标志, 环境保护、治理, 上海市环境保护局
高级专业技术职务任职资格评审通过人员公示信息, 社会发展, 高级、任职、评审、通过, 工资职称, 上海市人力资源和社会保障局
政府补贴培训清单信息, 社会发展, 政府补贴、培训、项目、等级、培训机构, 劳动人事综合类, 上海市人力资源和社会保障局
事业单位招录信息, 社会发展, 事业单位、招聘、聘用、公示, 人事工作, 上海市人力资源和社会保障局
职业培训机构信息, 社会发展, 职业培训机构信息、名称、地址、区县、联系电话、培训项目, 劳动人事综合类, 上海市人力资源和社会保障局
中高级专业技术职务任职资格评审信息, 社会发展, 专业技术、资格、评审, 工资职称, 上海市人力资源和社会保障局
非碘盐供应点, 民生服务, 非碘盐供应点, 综合类, 上海市经济和信息化委员会
规范性文件审查意见书, 社会发展, 审查意见书, 综合类, 上海市人民政府法制办公室
行政复议决定书, 社会发展, 行政复议, 综合类, 上海市人民政府法制办公室
本市会计从业资格持证人员基础信息, 教育科技, 会计、基础信息, 会计, 上海市财政局
供水水量统计信息, 资源环境, 供水、水量, 水利, 上海市水务局
出版专业技术人员责任编辑注册, 教育科技, 出版责任编辑, 新闻出版, 上海市新闻出版局
报纸基本信息, 文化休闲, 报纸, 新闻出版, 上海市新闻出版局
期刊基本信息, 文化休闲, 期刊, 新闻出版, 上海市新闻出版局
连续性内部资料信息, 文化休闲, 内部资料, 新闻出版, 上海市新闻出版局
新闻记者信息, 文化休闲, 新闻记者, 新闻出版, 上海市新闻出版局
图书出版机构, 文化休闲, 图书出版, 新闻出版, 上海市新闻出版局
音像、电子出版机构, 文化休闲, 音像电子出版, 新闻出版, 上海市新闻出版局
互联网出版单位信息, 文化休闲, 互联网出版, 新闻出版, 上海市新闻出版局
网络游戏产品信息, 文化休闲, 网络游戏, 新闻出版, 上海市新闻出版局
1000万总产值规模以上印刷企业信息, 文化休闲, 印刷企业, 新闻出版, 上海市新闻出版局
版权服务工作站, 文化休闲, 版权服务, 新闻出版, 上海市新闻出版局
出版物进口经营单位信息, 文化休闲, 出版物进口经营单位, 新闻出版, 上海市新闻出版局
上海市&ldquo;早餐工程&rdquo;网点分布情况, 民生服务, 早餐, 商贸综合类, 上海市商务委员会
企业注册登记统计, 经济建设, 企业，注册登记，统计, 工商, 上海市工商行政管理局
工商不良记录, 经济建设, 工商，行政处罚, 工商, 上海市工商行政管理局
上海市水务局行政许可决定书, 资源环境, 审批、备案、许可证, 水利, 上海市水务局
水务海洋业务受理综合信息-结果公告, 资源环境, 行政审批、结果公告, 水利, 上海市水务局
水务海洋业务受理综合信息-办理状态, 资源环境, 行政审批、办理状态, 水利, 上海市水务局
水务海洋业务受理综合信息-收件公告, 资源环境, 行政审批、收件公告, 水利, 上海市水务局
交通出行信息, 道路交通, 实时交通信息、掘路占路信息、快速封路信息，, 交通运输, 上海市交通委员会
统计年鉴查询, 社会发展, 统计年鉴查询, 统计, 上海市统计局
河道水质, 资源环境, 河道水质, 水利, 上海市水务局
水资源公报, 资源环境, 公报, 水利, 上海市水务局
人才服务中心相关信息, 机构团体, 单位名称、联系地址、邮政编码、联系电话, 劳动人事综合类, 上海市人力资源和社会保障局
市社保中心各分中心相关信息, 机构团体, 单位名称、地址、联系电话、服务时间、附近交通, 劳动人事综合类, 上海市人力资源和社会保障局
医保中心相关信息, 卫生健康, 单位名称、地址、联系电话、服务时间、附近交通, 医疗保健, 上海市人力资源和社会保障局
医保定点药房, 卫生健康, 所属区县、药房名称、地址、邮政编码, 医疗保健, 上海市人力资源和社会保障局
医保定点医院, 卫生健康, 所属区县、单位名称、地址、邮政编码, 医疗保健, 上海市人力资源和社会保障局
医保药品目录, 卫生健康, 品名称、剂型、支付（比例）、限定支付及备注, 医疗保健, 上海市人力资源和社会保障局
企业基本信息查询, 经济建设, 企业税务基本信息查询，税务登记号，经营地址，法人代表，征管分局，状态, 税务, 上海市地方税务局
个人住房房产税应税及已缴税情况查询, 民生服务, 个人住房房产税应税及已缴税情况查询, 税务, 上海市地方税务局
按季纳税申报企业名单查询, 经济建设, 按季纳税申报企业名单查询, 税务, 上海市地方税务局
办税地图, 经济建设, 办税地图，对外服务窗口分布情况，名称，地址，电话, 税务, 上海市地方税务局
上海市会计从业资格考试成绩查询, 教育科技, 会计从业资格考试、会计上岗证考试, 会计, 上海市财政局
广告经营许可证查询服务应用, 经济建设, 广告经营，许可证，查询, 工商, 上海市工商行政管理局
营业执照公示查询查询服务应用, 经济建设, 企业，营业执照，公示，查询, 工商, 上海市工商行政管理局
企业工商信息, 经济建设, 企业，工商，信息, 工商, 上海市工商行政管理局
上海市中外合作办学机构/项目查询应用, 教育科技, 中外合作，办学，信息, 教育, 上海市教育委员会
上海市民办教育机构查询应用, 教育科技, 民办，教育，许可证, 教育, 上海市教育委员会
主要统计指标解释查询, 社会发展, 主要统计指标解释查询, 统计, 上海市统计局
上海市基础测绘成果, 城市建设, 上海市基础测绘成果、产品分类、产品名称、覆盖范围、更新周期、数据格式、坐标系统、单价、备注, 城乡规划, 上海市规划和国土资源管理局
上海市历史风貌保护区, 文化休闲, 上海市历史风貌保护区, 城乡规划, 上海市规划和国土资源管理局
上海市优秀历史建筑, 文化休闲, 上海市优秀历史建筑, 城乡规划, 上海市规划和国土资源管理局
土地出让公告信息, 城市建设, 土地出让公告信息、地块公告号、地块名称、四至范围、准入产业类型、土地总面积、出让面积、容积率、建筑密度、投资强度、保证金, 土地, 上海市规划和国土资源管理局
上海食用农产品流通安全情况, 民生服务, 农产品、流通、安全, 商贸综合类, 上海市商务委员会
联合国贸易网点信息, 经济建设, 联合国、贸易、网点, 商贸综合类, 上海市商务委员会
上海市停车场位置查询, 道路交通, 停车场、位置信息, 交通运输, 上海市交通运输和港口管理局
上海市轨道周边公交, 道路交通, 轨道周边、公交站点, 交通运输, 上海市交通运输和港口管理局
营业执照公示查询, 经济建设, 工商，营业执照，查询, 工商, 上海市工商行政管理局
二手房出售出租信息查询, 民生服务, 二手房, 房地产, 上海市住房保障和房屋管理局
一手房开盘成交信息查询, 民生服务, 一手房, 房地产, 上海市住房保障和房屋管理局

