数据条目, 资源分类,资源主题, 提供单位
1-11月全市工业经济运行情况, 数据, 政府机构, 市经济和信息化委员会
1-4月青山区社会消费品零售总额情况, 服务, 政府机构, 青山区
1-4月青山区食品安全抽检情况, 数据, 政府机构, 青山区
1-4月市级重大项目完成投资呈现较快增长态势, 数据, 政府机构, 市发展和改革委员会
1-6月份我市汽车及零部件产业发展情况, 数据, 政府机构, 市发展和改革委员会
1号线工作日首末班车时间, 数据, 交通服务, 市地铁集团
1号线双休日首末班车时间, 数据, 交通服务, 市地铁集团
2008-2014年科技保险费补贴情况表, 数据, 政府机构, 市科学技术局
2009年统计年鉴, 服务, 经济发展, 市统计局
2010-2011年度土地登记结果, 数据, 经济发展, 武汉临空港经济技术开发区管委会(东西湖)
2010年东西湖区政府采购办公用纸定点服务供应商名单, 数据, 经济发展, 武汉临空港经济技术开发区管委会(东西湖)
2010年东西湖区政府采购公务印刷定点服务供应商名单, 数据, 经济发展, 武汉临空港经济技术开发区管委会(东西湖)
2010年东西湖区政府采购公务用车保险服务定点供应商名单, 数据, 经济发展, 武汉临空港经济技术开发区管委会(东西湖)
2010年东西湖区政府采购公务用车维修服务定点供应商名单, 数据, 经济发展, 武汉临空港经济技术开发区管委会(东西湖)
2010年统计年鉴, 服务, 经济发展, 市统计局
2011-2014年保障安居工程计划表, 数据, 经济发展, 汉南区
2011年分市州税收收入完成情况表, 数据, 经济发展, 市地税局
2011年社保费完成情况表, 数据, 经济发展, 市地税局
2011年税收合计表, 数据, 经济发展, 市地税局
2011年统计年鉴, 服务, 经济发展, 市统计局
2012年统计年鉴, 服务, 经济发展, 市统计局
2013年度东湖高新区统计报告, 数据, 教育科技, 东湖新技术开发区管委会
2013年武汉市安全评价机构星级评定结果, 数据, 公共服务, 市安全生产监督管理局
2013年武汉市专利统计分析报告, 数据, 公共服务, 市科学技术局
2014地质灾害危险性评估备案表, 数据, 能源环境, 江夏区
2014年1-11月各区体彩服务站社会渠道销量统计表, 数据, 公共服务, 市体育局
2014年10月10日周边省会城市价格行情表, 数据, 公共服务, 市发展和改革委员会
2014年蔡甸区环境状况公报, 数据, 能源环境, 蔡甸区
2014年东湖环境空气质量污染物监测数据一览表, 数据, 能源环境, 东湖生态旅游风景区管委会
2014年度全市各类档案馆基本情况一览表, 数据, 政府机构, 市档案局
2014年度武汉化学工业区管理委员会部门决算, 数据, 经济发展, 武汉化学工业区管委会
2014年洪山区“三公”经费决算财政拨款情况统计表, 服务, 政府机构, 洪山区
2014年洪山区财政局公开财政收支预算表, 数据, 政府机构, 洪山区
2014年洪山区政府性基金收支决算表, 数据, 政府机构, 洪山区
2014年秋季武汉市各级各类学校收费政策, 数据, 教育科技, 市发展和改革委员会
2014年全市医疗器械生产企业产品抽检情况, 数据, 医疗卫生, 市食品药品监督管理局
2014年社会体育活动资助项目一览表, 数据, 文化娱乐, 市体育局
2014年食品药品安全案件查处明细表, 数据, 医疗卫生, 汉南区
2014年武昌区建筑业运行情况分析及建议, 数据, 经济发展, 武昌区
2014年武汉化工区“三公”经费一般公共预算财政拨款支出决算表, 服务, 经济发展, 武汉化学工业区管委会
2014年武汉市东西湖区环境状况公报, 数据, 经济发展, 武汉临空港经济技术开发区管委会(东西湖)
2014年武汉市工业经济情况, 数据, 政府机构, 市经济和信息化委员会
2014年武汉市国控企业名单, 数据, 能源环境, 市环境保护局
2014年武汉市市级“三公”经费情况, 服务, 经济发展, 市财政局
2014年武汉市专利统计分析, 数据, 教育科技, 市科学技术局
2014年武汉新港发展专项资金建设支出类项目竞争性分配专家集中评审结果公示, 数据, 经济发展, 武汉新港管委会
2015 年“三公”经费预算财政 拨款（补助）情况统计表, 服务, 政府机构, 洪山区
2015-2017年度武汉市武昌区政府采购公务用车保险定点服务供应商名单, 数据, 政府机构, 武昌区
2015-2017年度武汉市武昌区政府采购公务用车加油定点服务供应商名单, 数据, 政府机构, 武昌区
2015-2017年度武汉市武昌区政府采购公务用车维修定点服务供应商名单, 数据, 政府机构, 武昌区
2015建设项目竣工环境保护验收1, 数据, 经济发展, 武昌区
2015建设项目竣工环境保护验收2, 数据, 经济发展, 武昌区
2015年1-11月江夏区主要经济指标, 数据, 政府机构, 江夏区
2015年1-12月城市医疗救助补助资金公开, 数据, 政府机构, 武昌区
2015年1-12月市科技局财政专项资金预算执行进度公开, 数据, 教育科技, 市科学技术局
2015年1-3月主要经济指标, 数据, 政府机构, 江夏区
2015年1-4月份我区经济发展稳中有升, 数据, 经济发展, 武汉临空港经济技术开发区管委会(东西湖)
2015年1-6月东湖水环境质量状况, 数据, 能源环境, 东湖生态旅游风景区管委会
2015年1-9月武汉市国民经济主要指标, 数据, 金融服务, 市审计局
2015年10月统计月报, 数据, 政府机构, 江汉区
2015年12月城市建设项目配套绿化用地面积审批情况一览表, 数据, 能源环境, 市园林和林业局
2015年12月出厂水常规检测项目监测结果（35项）, 数据, 经济发展, 武汉临空港经济技术开发区管委会(东西湖)
2015年12月营运服务热线受理情况公开, 数据, 公共服务, 市公交集团
2015年4季度建筑材料质量抽查不合格产品名单, 数据, 教育科技, 市质量技术监督局
2015年4月份全区农村村湾环境卫生考核评分排名, 数据, 能源环境, 蔡甸区
2015年6月出厂水常规检测项目监测结果(35项), 数据, 经济发展, 武汉临空港经济技术开发区管委会(东西湖)
2015年6月份全市控制和查处违法建设检查考评情况, 数据, 政府机构, 市城市管理委员会
2015年9月出厂水常规检测项目监测结果(35项), 数据, 经济发展, 武汉临空港经济技术开发区管委会(东西湖)
2015年9月统计快报, 数据, 经济发展, 蔡甸区
2015年财政拨款（补助）支出预算表, 数据, 经济发展, 洪山区
2015年财政预算执行和2016年财政预算, 数据, 政府机构, 汉南区
2015年蔡甸区享受农机购置补贴的购机者信息表（第三批）, 数据, 经济发展, 蔡甸区
2015年春季学期中等职业教育国家助学金资金项目安排情况表, 数据, 政府机构, 市教育局
2015年春季学期中等职业教育免学费补助资金项目安排情况表, 数据, 政府机构, 市教育局
2015年第二批农村义务教育阶段家庭经济困难寄宿生生活费中央和省补助资金项目安排情况表, 数据, 政府机构, 市教育局
2015年东西湖区事业单位公开招聘拟聘用人员情况的公示, 数据, 经济发展, 武汉临空港经济技术开发区管委会(东西湖)
2015年度城乡医疗救助资金拨付及发放表, 数据, 政府机构, 江夏区
2015年度公共卫生服务体系建设补助资金拨付及发放表, 数据, 政府机构, 江夏区
2015年度洪山区保障性安居工程目标任务完成情况表, 数据, 公共服务, 洪山区
2015年度洪山区创新创业平台公示名单, 数据, 经济发展, 洪山区
2015年度洪山区专利技术转化项目名单, 数据, 经济发展, 洪山区
2015年度金口街城乡居民医疗补助资金拨付及发放表, 数据, 政府机构, 江夏区
2015年度纳税信用A级纳税人名单（单管）, 数据, 经济发展, 市地税局
2015年度纳税信用A级纳税人名单（共管）, 数据, 经济发展, 市地税局
2015年国家级公益林森林生态效益补偿基金项目安排情况表, 数据, 能源环境, 市园林和林业局
2015年汉阳区人大财政拨款(补助)支出预算表, 服务, 政府机构, 汉阳区
2015年汉阳区人大收支预算总表, 服务, 政府机构, 汉阳区
2015年洪山区公共财政收支预算表, 数据, 政府机构, 洪山区
2015年洪山区校企合作产学研基地公示名单, 数据, 教育科技, 洪山区
2015年湖北省外贸进出口, 数据, 经济发展, 武汉海关
2015年黄陂区卫生和计划生育委员会部门预算公开, 服务, 医疗卫生, 黄陂区
2015年黄陂区新农合定点医疗机构住院医疗费补偿一览表, 数据, 政府机构, 黄陂区
2015年黄陂区质量技术监督局预算公开, 服务, 经济发展, 黄陂区
2015年末湖北省保险业经营情况统计表, 数据, 金融服务, 市金融工作局
2015年末湖北省典当业发展情况统计表, 数据, 金融服务, 市金融工作局
2015年末湖北省各市（州）保险经营情况统计表, 数据, 金融服务, 市金融工作局
2015年末湖北省各市（州）信贷情况统计表, 数据, 金融服务, 市金融工作局
2015年末湖北省及全国“新三板”挂牌企业情况统计表, 数据, 金融服务, 市金融工作局
2015年末湖北省及全国证券营业部基本经营情况统计表, 数据, 金融服务, 市金融工作局
2015年末湖北省金融机构本外币信贷收支表, 数据, 金融服务, 市金融工作局
2015年末湖北省金融机构人民币信贷收支表, 数据, 金融服务, 市金融工作局
2015年末湖北省融资性担保公司发展情况统计表, 数据, 金融服务, 市金融工作局
2015年末湖北省上市公司经营情况统计表, 数据, 金融服务, 市金融工作局
2015年末湖北省小额贷款公司发展情况统计表, 数据, 金融服务, 市金融工作局
2015年末全国各省市（含外资）人民币存款增长情况统计表, 数据, 金融服务, 市金融工作局
2015年末全国各省市（含外资）人民币贷款增长情况统计表, 数据, 金融服务, 市金融工作局
2015年末中部六省地区社会融资规模统计表, 数据, 金融服务, 市金融工作局
2015年末中部六省人民币存贷款增长情况统计表, 数据, 金融服务, 市金融工作局
2015年末中部六省证券业基本情况统计表, 数据, 金融服务, 市金融工作局
2015年区委办“三公”经费财政拨款预算表, 服务, 政府机构, 汉阳区
2015年区委办财政拨款(补助)支出预算表, 服务, 政府机构, 汉阳区
2015年区委办收支预算总表, 服务, 政府机构, 汉阳区
2015年全市企业标准备案目录, 数据, 教育科技, 市质量技术监督局
2015年上半年居民收入快报, 数据, 经济发展, 武汉临空港经济技术开发区管委会(东西湖)
2015年省级公益林生态效益补偿资金项目安排情况表, 数据, 能源环境, 市园林和林业局
2015年通过合格确认企业名单, 数据, 教育科技, 市质量技术监督局
2015年武昌区一般公共财政收入情况表, 数据, 政府机构, 武昌区
2015年武昌区一般公共财政支出情况表, 数据, 政府机构, 武昌区
2015年武昌区政府性基金收支情况表, 数据, 政府机构, 武昌区
2015年武汉市~口区政府信息公开工作年度报告, 数据, 政府机构, ~口区
2015年武汉市汉阳区政府性基金收支预算表, 服务, 政府机构, 汉阳区
2015年武汉市青少年比赛承办单位、各单位参赛人数一览表, 数据, 文化娱乐, 市体育局
2015年一季度副省级城市软件和信息技术服务业发展状况比较, 数据, 教育科技, 市科学技术局
2015年政府工作报告, 数据, 政府机构, 新洲区
2015年中央退耕还林完善政策补助资金项目安排情况表, 数据, 能源环境, 市园林和林业局
2015上半年柴油、化肥综合直补资金, 数据, 政府机构, 东湖生态旅游风景区管委会
2015上半年城乡居民医疗补助资金, 数据, 政府机构, 东湖生态旅游风景区管委会
2015上半年抚恤补助资金, 数据, 政府机构, 东湖生态旅游风景区管委会
2015上半年计划生育家庭特别扶助制度专项资金, 数据, 政府机构, 东湖生态旅游风景区管委会
2015上半年就业补助资金, 数据, 政府机构, 东湖生态旅游风景区管委会
2015上半年困难群众生活救助补助资金, 数据, 政府机构, 东湖生态旅游风景区管委会
2015上半年粮食直接补贴资金, 数据, 政府机构, 东湖生态旅游风景区管委会
2015夜间施工审批, 数据, 经济发展, 武昌区
2015政府公报9-12月（第十二期）, 数据, 政府机构, 黄陂区
2016 年“三公”经费预算财政拨款（补助）情况统计表, 服务, 政府机构, 洪山区
2016年03月“韩国线快班”船期安排表, 数据, 经济发展, 武汉新港管委会
2016年03月“日本线快班”船期安排表, 数据, 经济发展, 武汉新港管委会
2016年1-2月困难群众基本生活救助补助资金公开, 数据, 政府机构, 武昌区
2016年1-2月批准的建设项目环境影响评价文件, 数据, 能源环境, 蔡甸区
2016年1-3月藏龙岛办事处农村新型合作医疗补助资金拨付及发放表, 数据, 政府机构, 江夏区
2016年1-3月城市建设项目配套绿化用地面积审批情况一览表, 数据, 能源环境, 市园林和林业局
2016年1-3月大桥新区农村新型合作医疗补助资金拨付及发放表, 数据, 政府机构, 江夏区
2016年1-3月法泗街农村新型合作医疗补助资金拨付及发放表, 数据, 政府机构, 江夏区
2016年1-3月江夏区主要经济指标, 数据, 政府机构, 江夏区
2016年1-3月金水办事处农村新型合作医疗补助资金拨付及发放表, 数据, 政府机构, 江夏区
2016年1-3月山坡街农村新型合作医疗补助资金拨付及发放表, 数据, 政府机构, 江夏区
2016年1-3月统计图表, 服务, 经济发展, 市统计局
2016年1-3月武汉市国民经济主要指标, 数据, 经济发展, 市统计局
2016年1-3月五里界街农村新型合作医疗补助资金拨付及发放表, 数据, 政府机构, 江夏区
2016年1月2月3月农村新型合作医疗补助资金（邾城街）, 数据, 医疗卫生, 新洲区
2016年1月2月农村低保资金（邾城街）, 数据, 政府机构, 新洲区
2016年1月~口区湖泊水质监测简报, 数据, 政府机构, ~口区
2016年1月食品安全监督抽验结果公示, 数据, 医疗卫生, 市食品药品监督管理局
2016年1月营运服务热线受理情况公开, 数据, 公共服务, 市公交集团
2016年1至2月贸易统计数据, 数据, 经济发展, 武汉海关
2016年2月~口古田空气质量月报, 数据, 政府机构, ~口区
2016年2月出厂水常规检测项目监测结果（35项）, 数据, 经济发展, 武汉临空港经济技术开发区管委会(东西湖)
2016年2月洪山区孤儿生活费存折发放明细表, 数据, 政府机构, 洪山区
2016年2月武汉市国税局税务行政许可结果公示, 数据, 政府机构, 市国税局
2016年3月“武汉-东盟试验航线”船期安排表, 数据, 经济发展, 武汉新港管委会
2016年3月“泸汉台快班”船期安排表, 数据, 经济发展, 武汉新港管委会
2016年3月份~口区各行业部门隐患排查治理“两化”绩效评分表, 数据, 公共安全, ~口区
2016年3月份全市城市综合管理工作的情况, 数据, 政府机构, 市文明办
2016年3月洪山区孤儿生活费存折发放明细表, 数据, 政府机构, 洪山区
2016年3月武汉市国税局税务行政许可结果公示, 数据, 政府机构, 市国税局
2016年4月11日-4月17日~口区疾控中心生活饮用水每日监测结果, 数据, 政府机构, ~口区
2016年4月出厂水常规检测项目监测结果（35项）, 数据, 经济发展, 武汉临空港经济技术开发区管委会(东西湖)
2016年4月份全市“一书三证”发放情况, 数据, 经济发展, 市国土资源和规划局
2016年4月份全市后五名企业及工地排名, 数据, 政府机构, 市城市管理委员会
2016年4月武汉市城区和县级集中式生活饮用水水源水质状况, 数据, 能源环境, 市环境保护局
2016年4月武汉市地表水环境质量状况, 数据, 能源环境, 市环境保护局
2016年5月河流水质评价结果一览表, 数据, 能源环境, 市环境保护局
2016年5月湖泊水质评价结果一览表, 数据, 能源环境, 市环境保护局
2016年6月6日7日8日12日青山区疾控中心生活饮用水每日监测结果, 数据, 政府机构, 青山区
2016年财政拨款（补助）支出预算表, 数据, 经济发展, 洪山区
2016年财政收支情况信息公开, 数据, 政府机构, 东湖生态旅游风景区管委会
2016年~口区区级“三公”经费财政拨款预算表, 服务, 政府机构, ~口区
2016年城市低保资金发放表（1月）, 数据, 政府机构, 蔡甸区
2016年城市低保资金发放表（2月）, 数据, 政府机构, 蔡甸区
2016年城市低保资金发放表（3月）, 数据, 政府机构, 蔡甸区
2016年城市义务教育补助经费拨付情况表, 数据, 政府机构, 江夏区
2016年城乡居民医疗救助资金发放表（1月）, 数据, 政府机构, 蔡甸区
2016年城乡居民医疗救助资金发放表（2月）, 数据, 政府机构, 蔡甸区
2016年城乡居民医疗救助资金发放表（3月）, 数据, 政府机构, 蔡甸区
2016年第2号工业用地网挂公告成交信息表, 数据, 经济发展, 市国土资源和规划局
2016年第7号公告挂牌成交信息表, 数据, 经济发展, 市国土资源和规划局
2016年第一季度城市居民最低生活补助资金（邾城街）, 数据, 政府机构, 新洲区
2016年第一季度抚恤补助资金（邾城街）, 数据, 政府机构, 新洲区
2016年东湖风景区公共财政收支预算安排情况, 服务, 政府机构, 东湖生态旅游风景区管委会
2016年东湖生态旅游风景区政府性基金收支预算安排情况, 数据, 政府机构, 东湖生态旅游风景区管委会
2016年东西湖区国土局部门预算收支预算总表, 服务, 经济发展, 武汉临空港经济技术开发区管委会(东西湖)
2016年东西湖区三公经费预算财政拨款补助情况统计表, 服务, 经济发展, 武汉临空港经济技术开发区管委会(东西湖)
2016年东西湖区政府工作报告, 数据, 经济发展, 武汉临空港经济技术开发区管委会(东西湖)
2016年度“百万市民学科学――武汉市科普助推行动计划”数据库, 数据, 政府机构, 市科协
2016年公共卫生服务体系建设补助资金拨付情况表, 数据, 政府机构, 江夏区
2016年共青团黄陂区委预算公开, 服务, 政府机构, 黄陂区
2016年国有资本经营收支预算表, 服务, 政府机构, 青山区
2016年汉阳区区级“三公”经费财政拨款预算表, 服务, 政府机构, 汉阳区
2016年化工区一般公共预算支出明细表（项级科目明细）, 数据, 经济发展, 武汉化学工业区管委会
2016年黄陂区农工委部门预算公开说明, 服务, 政府机构, 黄陂区
2016年黄陂区省市级重大项目第一季度情况汇报, 数据, 经济发展, 黄陂区
2016年黄陂区统计局预算公开, 服务, 政府机构, 黄陂区
2016年江岸区本级“三公”经费财政拨款预算表, 服务, 政府机构, 江岸区
2016年江岸区区本级“三公”经费财政拨款预算情况说明, 服务, 政府机构, 江岸区
2016年江汉区城区改造和房屋征收管理办公室预算公开, 服务, 政府机构, 江汉区
2016年江汉区工商联预算公开, 服务, 政府机构, 江汉区
2016年江汉区公文交换站预算公开, 服务, 公共服务, 江汉区
2016年江汉区汉口火车站综合管理办公室预算公开, 服务, 政府机构, 江汉区
2016年江汉区媒体传播发展中心预算公开, 服务, 政府机构, 江汉区
2016年江汉区区委政研室预算公开, 服务, 政府机构, 江汉区
2016年江汉区人大议案、代表建议和政协建议案、委员提案办理工作方案, 数据, 政府机构, 江汉区
2016年江汉区食药监局预算公开, 服务, 政府机构, 江汉区
2016年江汉区文明办预算公开, 服务, 政府机构, 江汉区
2016年江汉区信访局预算公开, 服务, 政府机构, 江汉区
2016年江汉区政法委预算公开, 服务, 政府机构, 江汉区
2016年江汉区政府办（含法制办）预算公开, 服务, 政府机构, 江汉区
2016年民政局收支预算总表, 服务, 政府机构, 黄陂区
2016年农村低保资金发放表（1月）, 数据, 政府机构, 蔡甸区
2016年农村低保资金发放表（2月）, 数据, 政府机构, 蔡甸区
2016年农村义务教育公用经费拨付情况表, 数据, 政府机构, 江夏区
2016年青山区区级三公经费财政拨款预算表, 服务, 政府机构, 青山区
2016年青山区一般公共财政预算支出表-功能分类, 服务, 政府机构, 青山区
2016年青山区一般公共预算支出表-经济分类-款级, 服务, 政府机构, 青山区
2016年青山区一般公共预算支出表-经济分类-类级, 服务, 政府机构, 青山区
2016年青山区政府性基金收支预算表, 服务, 政府机构, 青山区
2016年区农业局“三公”经费预算, 服务, 能源环境, 黄陂区
2016年区委办收支预算总表, 服务, 政府机构, 洪山区
2016年区直机关工委部门预算公开, 服务, 政府机构, 黄陂区
2016年食品安全监督抽检合格产品及不合格产品信息, 数据, 医疗卫生, 市食品药品监督管理局
2016年收支预算总表, 服务, 政府机构, 武昌区
2016年武昌区“三公”经费财政拨款预算表, 服务, 政府机构, 武昌区
2016年武昌区一般公共财政收入预算安排情况表, 服务, 政府机构, 武昌区
2016年武昌区一般公共财政预算经济分类支出预算表(项级科目), 数据, 政府机构, 武昌区
2016年武昌区一般公共财政支出预算安排情况表, 服务, 政府机构, 武昌区
2016年武汉东湖新技术开发区“三公”经费财政拨款预算情况说明, 服务, 教育科技, 东湖新技术开发区管委会
2016年武汉东湖新技术开发区管理委员会“三公”经费财政拨款情况统计表, 服务, 教育科技, 东湖新技术开发区管委会
2016年武汉东湖新技术开发区管理委员会部门预算公开说明, 服务, 教育科技, 东湖新技术开发区管委会
2016年武汉东湖新技术开发区管理委员会财政拨款(补助)支出预算表, 服务, 教育科技, 东湖新技术开发区管委会
2016年武汉东湖新技术开发区管理委员会收支预算总表, 服务, 教育科技, 东湖新技术开发区管委会
2016年武汉化学工业区一般公共预算安排情况, 数据, 经济发展, 武汉化学工业区管委会
2016年武汉市东西湖区公共财政收支预算表, 服务, 经济发展, 武汉临空港经济技术开发区管委会(东西湖)
2016年武汉市东西湖区国有资本经营收支预算表, 服务, 经济发展, 武汉临空港经济技术开发区管委会(东西湖)
2016年武汉市东西湖区一般公共预算支出预算表, 服务, 经济发展, 武汉临空港经济技术开发区管委会(东西湖)
2016年武汉市东西湖区政府性基金收支预算表, 服务, 经济发展, 武汉临空港经济技术开发区管委会(东西湖)
2016年武汉市科普助推行动计划专项资金分配表, 数据, 政府机构, 市科协
2016年武汉市青少年体育比赛安排表, 数据, 文化娱乐, 市体育局
2016年武汉中央商务区管理委员会预算公开, 服务, 政府机构, 江汉区
2016年新型农村合作医疗补助, 数据, 政府机构, 蔡甸区
2016年一般公共预算收支预算表, 服务, 政府机构, 青山区
2016年一季度义务段生均经费（含免杂费）明细表, 数据, 政府机构, 武昌区
2016年一月份食用油商品质量监测合格商品及被监测人名单, 数据, 医疗卫生, 市食品药品监督管理局
2016年政府工作报告, 数据, 政府机构, 黄陂区
2016年中共江汉区委办公室预算公开, 服务, 政府机构, 江汉区
2号线工作日首末班车时间, 数据, 交通服务, 市地铁集团
2号线双休日首末班车时间, 数据, 交通服务, 市地铁集团
4号线工作日首末班车时间, 数据, 交通服务, 市地铁集团
4号线双休日首末班车时间, 数据, 交通服务, 市地铁集团
508、324、605路起点站点调整, 数据, 公共服务, 市交通运输委员会
863计划成果产业化基地（批准部门：科技部）, 数据, 教育科技, 市科学技术局
“和”字书法(草书)普通纪念币公开发行兑换点信息一览表, 数据, 金融服务, 市金融工作局
“老武昌”游览专线信息, 数据, 公共服务, 市交通运输委员会
《武汉市普通中小学布局规划（2013-2020年）》, 数据, 教育科技, 市国土资源和规划局
《武汉市医疗卫生设施空间布局规划（2011-2020年）》, 数据, 医疗卫生, 市国土资源和规划局
百货超市, 服务, 公共服务, 市国土资源和规划局
半年武汉市国民经济主要指标, 数据, 经济发展, 市统计局
办理法医（病理、临床、物证、毒物）类司法业务公司, 数据, 法律服务, 市司法局
办理建筑工程质量与产品质量类司法业务公司, 数据, 法律服务, 市司法局
办理经济鉴证类司法业务公司, 数据, 法律服务, 市司法局
办理物证和声像资料类司法业务公司, 数据, 法律服务, 市司法局
办税地图, 服务, 经济发展, 市国税局
保温材料企业备案查询, 服务, 政府机构, 市城乡建设委员会
保障性安居工程开工目标项目表, 数据, 经济发展, 江汉区
报建工程查询, 服务, 政府机构, 市城乡建设委员会
备案燃气工程, 数据, 经济发展, 市城市管理委员会
本地消防联系方式, 数据, 公共安全, 市公安局
标定地价, 数据, 公共服务, 市国土资源和规划局
博物馆名录一览表, 数据, 文化娱乐, 市文化局
博物馆详细名录, 数据, 文化娱乐, 市文化局
不良行为公示, 服务, 政府机构, 市城乡建设委员会
不再实施强制性产品认证管理的产品清单, 数据, 经济发展, 市质量技术监督局
部分国宝单位, 服务, 文化娱乐, 市文化局
菜篮子价格行情, 服务, 公共服务, 市发展和改革委员会
蔡甸电信公司营业厅情况, 数据, 公共服务, 蔡甸区
蔡甸区2015年12月优救对象社会化发放表, 数据, 政府机构, 蔡甸区
蔡甸区2015年下半年部分企业排污费核定与征收情况, 数据, 能源环境, 蔡甸区
蔡甸区2016年1月优救对象社会化发放表, 数据, 政府机构, 蔡甸区
蔡甸区2016年2月优救对象社会化发放表, 数据, 政府机构, 蔡甸区
蔡甸区2016年3月救济对象社会化发放表, 数据, 政府机构, 蔡甸区
蔡甸区2016年3月优抚对象社会化发放表, 数据, 政府机构, 蔡甸区
蔡甸区2016年城乡困难群众临时救助资金下拨方案(4月份), 数据, 政府机构, 蔡甸区
蔡甸区2016年城乡困难群众临时救助资金下拨方案（2月份）, 数据, 政府机构, 蔡甸区
蔡甸区2016年城乡困难群众临时救助资金下拨方案（3月份）, 数据, 政府机构, 蔡甸区
蔡甸区城关公交线路图, 数据, 交通服务, 蔡甸区
蔡甸区定点医疗机构信息, 数据, 医疗卫生, 蔡甸区
蔡甸区供电营业厅, 数据, 公共服务, 蔡甸区
蔡甸区委办公室2016年部门预算公开, 服务, 政府机构, 蔡甸区
蔡甸区物业管理公司情况表, 数据, 公共服务, 蔡甸区
蔡甸区药店信息, 数据, 医疗卫生, 蔡甸区
蔡甸区医疗卫生机构信息, 服务, 医疗卫生, 蔡甸区
蔡甸区疫苗接种点的名单, 数据, 医疗卫生, 蔡甸区
蔡甸区银行业金融机构一览表, 数据, 公共服务, 蔡甸区
蔡甸区邮政服务营业网点, 数据, 公共服务, 蔡甸区
蔡甸移动公司营业厅情况表, 数据, 公共服务, 蔡甸区
~口区2015年第四季度租赁补贴清册, 数据, 公共服务, ~口区
~口区2016年1-3月份主要统计数据, 数据, 经济发展, ~口区
~口区司法局办公地点(地图), 数据, 法律服务, 市司法局
~口区网吧, 数据, 文化娱乐, 市文化局
长途客运站, 服务, 交通服务, 市交通运输委员会
车管所及其分所, 数据, 交通服务, 市公安局
车辆及客货运输情况, 数据, 经济发展, 汉南区
车辆违章查询, 服务, 交通服务, 蔡甸区
城际高铁, 数据, 交通服务, 市交通运输委员会
城建委直属单位地址, 服务, 政府机构, 市城乡建设委员会
城市公共交通价格, 数据, 公共服务, 市发展和改革委员会
城市桥梁分布统计表, 数据, 交通服务, 市城市管理委员会
城市圈集中式饮用水水源地一览表, 数据, 能源环境, 市环境保护局
乘用车价格行情, 服务, 公共服务, 市发展和改革委员会
出租车查询, 服务, 交通服务, 市交通运输委员会
出租车空车查询, 服务, 交通服务, 市交通运输委员会
创投基金一览表, 数据, 经济发展, 市科学技术局
创业项目库, 服务, 经济发展, 市人力资源和社会保障局
从业单位信用信息企业信息, 数据, 经济发展, 市工商行政管理局
从业人员查询, 服务, 交通服务, 市交通运输委员会
贷款办理网点, 数据, 公共服务, 武汉住房公积金管理中心
贷款进度查询, 服务, 金融服务, 武汉住房公积金管理中心
贷款楼盘信息查询, 数据, 金融服务, 武汉住房公积金管理中心
贷款指南、贷款额度及比例, 服务, 公共服务, 武汉住房公积金管理中心
担保机构地址及联系电话, 数据, 公共服务, 武汉住房公积金管理中心
单双号限行规则, 服务, 交通服务, 市公安局
单位年度投稿刊稿数量统计表, 数据, 公共服务, 市民防办公室
道路运输企业查询, 服务, 交通服务, 市交通运输委员会
低保统计, 数据, 经济发展, 市民政局
第五批市级非物质文化遗产代表性项目保护单位名单, 数据, 公共服务, 市文化局
第一次湖北省政府网站普查统计摸底情况及自查整改安排, 数据, 政府机构, 市网信办
第一批机动车驾驶证自学直考学习驾驶专用路段, 数据, 交通服务, 市交管局
东湖风景区2015上半年专项资金发放公开表, 数据, 政府机构, 东湖生态旅游风景区管委会
东湖风景区2016年公共支出明细表经济分类, 数据, 政府机构, 东湖生态旅游风景区管委会
东湖风景区2016年市本级一般公共预算支出预算表, 服务, 政府机构, 东湖生态旅游风景区管委会
东湖风景区2016年市本级一般公共预算支出预算表（含对区转移支付）, 服务, 政府机构, 东湖生态旅游风景区管委会
东湖风景区2016年一般公共预算收入预算表, 服务, 政府机构, 东湖生态旅游风景区管委会
东湖风景区2016年一般公共预算支出预算明细表（项级科目明细）, 服务, 政府机构, 东湖生态旅游风景区管委会
东湖风景区2016年政府性基金收入预算表, 服务, 政府机构, 东湖生态旅游风景区管委会
东湖风景区2016年政府性基金支出预算表（含对区转移支付）, 服务, 政府机构, 东湖生态旅游风景区管委会
东湖风景区2016年政府性基金支出预算明细表, 服务, 政府机构, 东湖生态旅游风景区管委会
东湖生态旅游风景区城市低保对象2015年8月发放汇总表, 数据, 政府机构, 东湖生态旅游风景区管委会
东湖水域保护规划图, 数据, 能源环境, 市水务局
东西湖区2014年农村义务教育公用经费补助资金, 数据, 教育科技, 武汉临空港经济技术开发区管委会(东西湖)
东西湖区2014年新型农村合作医疗补助资金（明细表）, 数据, 经济发展, 武汉临空港经济技术开发区管委会(东西湖)
东西湖区2015年村级公益事业建设一事一议财政奖补资金, 数据, 经济发展, 武汉临空港经济技术开发区管委会(东西湖)
东西湖区2015年度政府信息公开, 数据, 经济发展, 武汉临空港经济技术开发区管委会(东西湖)
东西湖区2015年上半年GDP完成情况, 数据, 经济发展, 武汉临空港经济技术开发区管委会(东西湖)
东西湖区2015年上半年农业经济情况分析, 数据, 经济发展, 武汉临空港经济技术开发区管委会(东西湖)
东西湖区第三次全国经济普查主要数据公报, 数据, 经济发展, 武汉临空港经济技术开发区管委会(东西湖)
东西湖区房屋安全鉴定名录, 数据, 公共服务, 武汉临空港经济技术开发区管委会(东西湖)
东西湖区各街道（办事处）社保所联系电话和办公地点, 数据, 政府机构, 武汉临空港经济技术开发区管委会(东西湖)
东西湖区建设工程规划许可证, 服务, 经济发展, 武汉临空港经济技术开发区管委会(东西湖)
东西湖区建设用地规划许可证, 服务, 经济发展, 武汉临空港经济技术开发区管委会(东西湖)
东西湖区人力资源市场最新用工信息, 数据, 经济发展, 武汉临空港经济技术开发区管委会(东西湖)
东西湖区人民政府关于公布第三批区级非物质文化遗产名录, 数据, 经济发展, 武汉临空港经济技术开发区管委会(东西湖)
东西湖区市政道路照明设施2016年度维护服务公开招标项目的变更, 数据, 经济发展, 武汉临空港经济技术开发区管委会(东西湖)
东西湖区域发展空间布局, 服务, 经济发展, 武汉临空港经济技术开发区管委会(东西湖)
东西湖区中心村布局规划, 数据, 经济发展, 武汉临空港经济技术开发区管委会(东西湖)
二手房公积金贷款评估机构一览表, 服务, 金融服务, 武汉住房公积金管理中心
房产测绘资质, 数据, 公共服务, 市住房保障和房屋管理局
房产类收费, 数据, 公共服务, 市发展和改革委员会
房地产估价机构, 数据, 公共服务, 市住房保障和房屋管理局
放射诊疗卫生行政许可审批公示, 数据, 医疗卫生, 市卫生和计划生育委员会
非网络发票内容查询, 服务, 经济发展, 市国税局
废物名录, 服务, 能源环境, 市环境保护局
分产业从业人员人数, 数据, 经济发展, 市统计局
福利企业信息一览表, 数据, 公共服务, 市档案局
妇幼保健院, 数据, 医疗卫生, 市卫生和计划生育委员会
钢材价格行情, 服务, 公共服务, 市发展和改革委员会
高速出口路, 数据, 交通服务, 市交通运输委员会
高校毕业生就业创业办理户籍窗口联系方式, 服务, 公共服务, 市公安局
高校申请专利排名, 数据, 公共服务, 市科学技术局
个人公积金余额查询, 服务, 公共服务, 武汉住房公积金管理中心
个体工商户按行业分类统计情况, 数据, 经济发展, 市工商行政管理局
个体工商户按行政划分统计情况, 数据, 经济发展, 市工商行政管理局
各区民政局（复员退伍军人安置办公室）, 数据, 公共服务, 市民政局
各区养老机构管理服务部门联系方式, 数据, 公共服务, 市民政局
各区专利申请, 数据, 公共服务, 市科学技术局
各区资质企业统计表, 数据, 政府机构, 市城市管理委员会
工农业示范点, 数据, 文化娱乐, 市旅游局
工商信息服务平台, 服务, 经济发展, 市工商行政管理局
工商注册企业按经济性质统计情况, 数据, 经济发展, 市工商行政管理局
工商注册企业按行业统计情况, 数据, 经济发展, 市工商行政管理局
工商注册企业基本情况统计, 数据, 经济发展, 市工商行政管理局
工业技术研究院, 数据, 经济发展, 市科学技术局
供地结果, 数据, 公共服务, 武汉经济技术开发区管委会
公共租赁住房市场租金一览表, 数据, 公共服务, 市发展和改革委员会
公积金贷款还款计划查询, 服务, 公共服务, 武汉住房公积金管理中心
公积金贷款还款明细查询, 服务, 公共服务, 武汉住房公积金管理中心
公积金贷款可贷金额试算计算器, 服务, 公共服务, 武汉住房公积金管理中心
公积金贷款审批进度查询, 服务, 公共服务, 武汉住房公积金管理中心
公积金缴存提取受理网点, 数据, 金融服务, 武汉住房公积金管理中心
公积金楼盘项目查询, 服务, 公共服务, 武汉住房公积金管理中心
公积金提前还款计算器, 服务, 公共服务, 武汉住房公积金管理中心
公积金委托贷款受理网点, 数据, 金融服务, 武汉住房公积金管理中心
公积金中心、分中心地图, 服务, 金融服务, 武汉住房公积金管理中心
公交车辆实时到站信息查询, 服务, 交通服务, 市交通运输委员会
公交线路查询, 服务, 交通服务, 市交通运输委员会
公交站点查询, 服务, 交通服务, 市交通运输委员会
公路客运价格, 数据, 公共服务, 市发展和改革委员会
固定资产投资情况表, 数据, 经济发展, 汉南区
固定资产投资项目节能评估文件编制机构星级评定结果 , 数据, 经济发展, 市发展和改革委员会
关于转发省局严厉查处保健酒、配制酒违法添加行为加强酒类产品质量安全监管工作的通知, 数据, 医疗卫生, 市食品药品监督管理局
轨道交通线路图, 数据, 交通服务, 市交通运输委员会
轨道交通运营时刻表, 数据, 交通服务, 市交通运输委员会
国际科技合作基地, 数据, 教育科技, 市科学技术局
国际税收协定一览表, 数据, 经济发展, 市国税局
国家高新技术产业化基地, 数据, 教育科技, 市科学技术局
国家环境空气质量监测点, 服务, 能源环境, 市环境保护局
国家火炬计划特色产业基地（批准部门：科技部）, 数据, 教育科技, 市科学技术局
国家级产业技术创新战略联盟名录, 数据, 教育科技, 市科学技术局
国家级工程(技术)研究中心名录, 数据, 教育科技, 市科学技术局
国家技术转移示范机构, 数据, 教育科技, 市科学技术局
国家科技兴贸创新基地, 数据, 教育科技, 市科学技术局
国家企业技术中心, 数据, 教育科技, 市科学技术局
国家实验室、国家重点实验室（截止到2014年12月，武汉市共有国家级重点实验室27家）, 数据, 教育科技, 市科学技术局
国民经济行业分类代码表, 数据, 金融服务, 市金融工作局
国内水运与航空口岸数量统计, 数据, 经济发展, 武汉新港管委会
国务院“水十条”提出 到2020年七大重点流域七成以上水质优良, 数据, 能源环境, ~口区
汉口汉阳片区堵点绕行图, 数据, 交通服务, 市交管局
汉南区2015年第四季度土地划拨结果统计, 数据, 经济发展, 汉南区
汉南区2015年上半年财政预算执行, 数据, 政府机构, 汉南区
汉南区财政收入, 数据, 政府机构, 汉南区
汉南区农业总产值, 数据, 经济发展, 汉南区
汉南区普通中学一览表, 数据, 教育科技, 汉南区
汉南区小学一览表, 数据, 教育科技, 汉南区
汉南区幼儿园一览表, 数据, 教育科技, 汉南区
汉南区职业学校一览表, 数据, 教育科技, 汉南区
汉南区中小学联系方式, 数据, 教育科技, 汉南区
汉阳区司法局办公地点(地图), 数据, 法律服务, 市司法局
航班信息, 服务, 交通服务, 市交通运输委员会
河流一览表 , 数据, 能源环境, 市环境保护局
洪山地区排水系统情况表, 数据, 能源环境, 洪山区
洪山区2015年投资及重点项目工作, 数据, 经济发展, 洪山区
洪山区2015上半年商贸简要分析, 数据, 经济发展, 洪山区
洪山区2016年1-2月限上零售额简要分析, 数据, 经济发展, 洪山区
洪山区2016年1月孤儿发放, 数据, 政府机构, 洪山区
洪山区2016年3月城市低保政务公开汇总表, 数据, 政府机构, 洪山区
洪山区2016年农村低保资金情况表政务公开汇总表, 数据, 政府机构, 洪山区
洪山区超市主要生活必需品价格, 数据, 公共服务, 洪山区
洪山区科技企业孵化器大学生创业特区( 众创空间) 2015年度考核公示, 数据, 经济发展, 洪山区
洪山区网吧, 数据, 文化娱乐, 市文化局
洪山区文化创意类和软件类高新技术企业后备队伍培育专项名单, 数据, 经济发展, 洪山区
红色旅游, 服务, 文化娱乐, 市旅游局
湖北技术转移示范机构, 数据, 教育科技, 市科学技术局
湖北联通蔡甸分公司营业厅情况表, 数据, 公共服务, 蔡甸区
湖北企业技术中心, 数据, 教育科技, 市科学技术局
湖北省1季度进出口值同比, 数据, 经济发展, 武汉海关
湖北省1至2月外贸进出口, 数据, 经济发展, 武汉海关
湖北省2015年全年贸易统计数据, 数据, 经济发展, 武汉海关
湖北省2016年1季度贸易统计数据, 数据, 经济发展, 武汉海关
湖北省地方税务局2016年部门预算, 服务, 经济发展, 市地税局
湖北省各县市区生源地信用助学贷款办理联系方式及地址, 数据, 教育科技, 市教育局
湖北省工程技术研究中心, 数据, 教育科技, 市科学技术局
湖北省国控企业自行监测信息发布平台, 服务, 能源环境, 市环境保护局
湖北省环境监测专业服务暂时行收费标准, 数据, 能源环境, 市环境保护局
湖北省武汉市国家税务局联系方式, 服务, 政府机构, 市国税局
湖北省校企共建研发中心, 数据, 教育科技, 市科学技术局
湖北省已建高速公路图, 数据, 交通服务, 市交通运输委员会
湖泊监测数据, 服务, 能源环境, 市环境保护局
互联网信息办公室2015年信息基础设施示范项目补助资金计划, 数据, 政府机构, 市网信办
环保局各机关部门办公联系方式, 数据, 能源环境, 市环境保护局
环评咨询服务机构, 数据, 公共服务, 市环境保护局
还款比较计算器, 服务, 公共服务, 武汉住房公积金管理中心
黄鹤楼-大禹神话园轮渡航线, 数据, 交通服务, 市交通运输委员会
黄鹤楼-晴川轮渡航线, 数据, 交通服务, 市交通运输委员会
黄陂区2015年国民经济和社会发展统计公报, 数据, 公共服务, 黄陂区
黄陂区安全生产监督管理局2016年部门预算公开, 服务, 政府机构, 黄陂区
黄陂区财政局2016年部门预算公开, 服务, 政府机构, 黄陂区
黄陂区城管委2015年部门预算, 服务, 政府机构, 黄陂区
黄陂区档案局2016年“三公”经费财政拨款预算, 服务, 政府机构, 黄陂区
黄陂区工商联2016年部门预算, 服务, 政府机构, 黄陂区
黄陂区供销社2016年部门预算公开, 服务, 经济发展, 黄陂区
黄陂区公安分局2016年部门预算公开, 服务, 公共安全, 黄陂区
黄陂区公共租赁住房实物配租家庭名单, 数据, 政府机构, 黄陂区
黄陂区国土资源和规划局2016年“三公”经费预算表, 服务, 政府机构, 黄陂区
黄陂区机构编制委员会办公室2016年财政拨款支出预算表（按功能科目）, 服务, 政府机构, 黄陂区
黄陂区纪委监察局 2016年“三公”经费, 服务, 政府机构, 黄陂区
黄陂区教育局2016年部门预算, 服务, 教育科技, 黄陂区
黄陂区景点门票价格表, 数据, 公共服务, 黄陂区
黄陂区粮食局2016年部门预算和“三公”经费预算公开, 服务, 经济发展, 黄陂区
黄陂区旅游局2016年部门预算公开, 服务, 能源环境, 黄陂区
黄陂区审计局 2016年收支预算总表, 服务, 政府机构, 黄陂区
黄陂区司法局办公地点(地图), 数据, 法律服务, 市司法局
黄陂区委党校2016年部门预算公开说明, 服务, 政府机构, 黄陂区
黄陂区委宣传部2016年部门预算公开说明, 服务, 政府机构, 黄陂区
黄陂区信访局2016年部门预算公开说明, 服务, 政府机构, 黄陂区
黄陂区在建保障性住房情况统计表, 数据, 政府机构, 黄陂区
黄陂区重点项目年度计划项目及“十三五”规划重点项目库情况, 数据, 经济发展, 黄陂区
黄陂区总工会2016年部门预算公开, 服务, 经济发展, 黄陂区
黄陂统计月报（2016.1）, 数据, 政府机构, 黄陂区
获C标单位名册, 数据, 经济发展, 市质量技术监督局
基层劳动保障服务机构, 数据, 政府机构, 市人力资源和社会保障局
基地场馆各项目对外开放收费标准表, 数据, 文化娱乐, 市体育局
机场巴士进港班车时刻表, 数据, 交通服务, 市交通运输委员会
机场巴士运营路线示意图, 数据, 交通服务, 市交通运输委员会
机动车停车收费, 数据, 公共服务, 市发展和改革委员会
集家嘴-武昌汉阳门轮渡航线, 数据, 交通服务, 市交通运输委员会
集家嘴-武昌汉阳门轮渡航线（快艇）, 数据, 交通服务, 市交通运输委员会
集贸市场, 服务, 公共服务, 市国土资源和规划局
技术合同认定登记站, 数据, 公共服务, 市科学技术局
季度城市地价水平检测数据, 数据, 经济发展, 市国土资源和规划局
季度全市民政事业统计数据, 数据, 经济发展, 市民政局
计划项目申报一览表, 数据, 教育科技, 市科学技术局
家电维修地图查询, 服务, 公共服务, 市网信办
家电维修企业资质查询, 数据, 公共服务, 市网信办
家电行业协会单位查询, 数据, 经济发展, 市网信办
家电业个人职业资质查询, 服务, 公共服务, 市网信办
价比三家, 服务, 公共服务, 市发展和改革委员会
价格指数走势图与数据表, 服务, 公共服务, 市发展和改革委员会
建筑工程竣工备案查询, 服务, 政府机构, 市城乡建设委员会
江岸区财政与编制政务公开各查询点联系方式一览表, 数据, 公共服务, 江岸区
江岸区工商局派出机构, 数据, 政府机构, 江岸区
江岸区机构编制总体情况, 数据, 政府机构, 江岸区
江岸区司法局办公地点(地图), 数据, 法律服务, 市司法局
江岸区网吧, 数据, 文化娱乐, 市文化局
江城变迁（遗产名录）, 数据, 文化娱乐, 市档案局
江汉区2016年架空管线连片整治工作方案, 数据, 经济发展, 江汉区
江汉区2016年政府工作报告, 数据, 经济发展, 江汉区
江汉区“十三五”规划简介, 数据, 经济发展, 江汉区
江汉区轨道交通运营突发事件应急预案, 数据, 公共安全, 江汉区
江汉区司法局办公地点(地图), 数据, 法律服务, 市司法局
江汉区网吧, 数据, 文化娱乐, 市文化局
江夏区2016年本级财政拨款 “三公”经费预算控制数情况的说明, 服务, 政府机构, 江夏区
江夏区“十三五”时期经济社会发展主要指标, 数据, 政府机构, 江夏区
江夏区土地登记结果, 数据, 能源环境, 江夏区
交通运输委员会单位地址, 数据, 政府机构, 市交通运输委员会
交易项目公告, 服务, 公共服务, 市政服务中心管理办公室
经济适用住房销售价格汇总表, 数据, 公共服务, 市发展和改革委员会
经济适用住房销售价格一览表, 数据, 公共服务, 市发展和改革委员会
居民生活用电价格, 数据, 公共服务, 市发展和改革委员会
局机关办事指南, 数据, 政府机构, 市卫生和计划生育委员会
开发区生活向导―OK厅, 数据, 公共服务, 武汉经济技术开发区管委会
开发区生活向导―百货, 数据, 公共服务, 武汉经济技术开发区管委会
开发区生活向导―宾馆, 服务, 公共服务, 武汉经济技术开发区管委会
开发区生活向导―超市, 服务, 公共服务, 武汉经济技术开发区管委会
开发区生活向导―出租, 数据, 公共服务, 武汉经济技术开发区管委会
开发区生活向导―大学, 数据, 公共服务, 武汉经济技术开发区管委会
开发区生活向导―度假村, 数据, 公共服务, 武汉经济技术开发区管委会
开发区生活向导―房屋中介, 数据, 公共服务, 武汉经济技术开发区管委会
开发区生活向导―糕点, 数据, 公共服务, 武汉经济技术开发区管委会
开发区生活向导―健身, 数据, 公共服务, 武汉经济技术开发区管委会
开发区生活向导―礼品, 数据, 公共服务, 武汉经济技术开发区管委会
开发区生活向导―楼盘, 数据, 公共服务, 武汉经济技术开发区管委会
开发区生活向导―旅游, 服务, 公共服务, 武汉经济技术开发区管委会
开发区生活向导―美容, 数据, 公共服务, 武汉经济技术开发区管委会
开发区生活向导―培训机构, 数据, 公共服务, 武汉经济技术开发区管委会
开发区生活向导―票务, 数据, 公共服务, 武汉经济技术开发区管委会
开发区生活向导―停车场, 数据, 公共服务, 武汉经济技术开发区管委会
开发区生活向导―通信, 服务, 公共服务, 武汉经济技术开发区管委会
开发区生活向导―网吧, 服务, 公共服务, 武汉经济技术开发区管委会
开发区生活向导―西餐, 服务, 公共服务, 武汉经济技术开发区管委会
开发区生活向导―小学, 服务, 公共服务, 武汉经济技术开发区管委会
开发区生活向导―药店, 数据, 公共服务, 武汉经济技术开发区管委会
开发区生活向导―医院, 数据, 公共服务, 武汉经济技术开发区管委会
开发区生活向导―银行, 数据, 公共服务, 武汉经济技术开发区管委会
开发区生活向导―游戏房, 数据, 公共服务, 武汉经济技术开发区管委会
开发区生活向导―幼儿园, 数据, 公共服务, 武汉经济技术开发区管委会
开发区生活向导―职业资格教育, 数据, 公共服务, 武汉经济技术开发区管委会
开发区生活向导―中餐, 服务, 公共服务, 武汉经济技术开发区管委会
开发区生活向导―中学, 数据, 公共服务, 武汉经济技术开发区管委会
开发区生活向导―专业店, 数据, 公共服务, 武汉经济技术开发区管委会
开发区生活向导―装修, 数据, 公共服务, 武汉经济技术开发区管委会
考试机构一览表, 数据, 教育科技, 市教育局
科技成果登记一览表, 数据, 教育科技, 市科学技术局
科学奖励申报一览表, 数据, 教育科技, 市科学技术局
蓝焰油气服务（经营）网点地图, 数据, 公共服务, 市燃气热力集团
蓝焰油气服务（经营）网点列表, 数据, 公共服务, 市燃气热力集团
历年城市居民年人均可支配收入与消费支出, 数据, 经济发展, 市统计局
历年城镇非私营单位职工年末人数, 数据, 经济发展, 市统计局
历年城镇非私营单位职工年平均工资, 数据, 经济发展, 市统计局
历年从业人员人数, 数据, 经济发展, 市统计局
历年居民消费价格指数, 数据, 经济发展, 市统计局
历年农林牧渔业总产值, 数据, 经济发展, 市统计局
历年农林牧渔业总产值指数, 数据, 经济发展, 市统计局
历年全部工业总产值、增加值及构成, 数据, 经济发展, 市统计局
历年全部工业总产值、增加值指数, 数据, 经济发展, 市统计局
历年全社会固定资产投资, 数据, 经济发展, 市统计局
历年社会消费品零售总额及指数, 数据, 经济发展, 市统计局
历年生产总值及构成, 数据, 经济发展, 市统计局
历年生产总值指数, 数据, 经济发展, 市统计局
廉租住房资格退出情况统计(2011年10月起), 数据, 公共服务, 市住房保障和房屋管理局
粮食收购资格许可公示表, 数据, 公共服务, 粮食局
列车时刻, 服务, 交通服务, 市交通运输委员会
临床医学研究中心, 数据, 医疗卫生, 市科学技术局
临空经济产业园规划图, 数据, 经济发展, 武汉临空港经济技术开发区管委会(东西湖)
领港城商务区, 数据, 经济发展, 武汉新港管委会
流动车管所2016年5月下半月出行, 数据, 交通服务, 市交管局
龙头企业基本情况汇总表, 数据, 经济发展, 市农业委员会
旅行社, 服务, 公共服务, 市旅游局
旅游饭店, 数据, 公共服务, 市旅游局
旅游交通, 服务, 交通服务, 市旅游局
旅游景区, 数据, 文化娱乐, 市旅游局
旅游政务机构, 数据, 公共服务, 市旅游局
媒体发布涉嫌严重违法广告情况信息公布, 数据, 经济发展, 市工商行政管理局
 每年5月19号免费开放景区, 数据, 公共服务, 市旅游局
苗家-中华路轮渡航线, 数据, 交通服务, 市交通运输委员会
民防办直属单位一览表, 数据, 政府机构, 市民防办公室
民政局2016年“三公”经费财政拨款预算情况说明, 服务, 政府机构, 黄陂区
民政局二级单位一览表, 数据, 公共服务, 市民政局
民族宗教事务委员会各民族宗教局, 数据, 教育科技, 市民族宗教事务委员会
民族宗教事务委员会内设机构, 数据, 政府机构, 市民族宗教事务委员会
名镇名村名街, 服务, 文化娱乐, 市旅游局
内、外资办事地点和联系方式一览表, 数据, 政府机构, 市工商行政管理局
年度按经济类型分的过敏经济比例关系, 数据, 经济发展, 市统计局
年度按行业分的规模以上工业企业主要经济指标, 数据, 经济发展, 市统计局
年度按资质等级分房地产开发投资情况, 数据, 经济发展, 市统计局
年度保险业务经营情况, 数据, 经济发展, 市统计局
年度博物馆基本情况, 数据, 经济发展, 市统计局
年度不同水平生活费收入水平的城市居民家庭基本情况, 数据, 经济发展, 市统计局
年度不同水平生活费收入水平的城市居民家庭收支情况, 数据, 经济发展, 市统计局
年度财政收入与支出, 数据, 经济发展, 市统计局
年度茶叶、水果生产情况, 数据, 经济发展, 市统计局
年度城市居民家庭构成情况, 数据, 经济发展, 市统计局
年度城市居民家庭基本情况, 数据, 经济发展, 市统计局
年度城市居民家庭每百户耐用消费品拥有量, 数据, 经济发展, 市统计局
年度城市居民家庭平均每人每月现金收支, 数据, 经济发展, 市统计局
年度城市居民家庭平均每人每月消费支出, 数据, 经济发展, 市统计局
年度城市天然气情况, 数据, 经济发展, 市统计局
年度城镇500万元以上项目分行业投资, 数据, 经济发展, 市统计局
年度城镇500万元以上项目分行业新增固定资产, 数据, 经济发展, 市统计局
年度城镇500万元以上项目投资效率, 数据, 经济发展, 市统计局
年度城镇500万元以上项目投资资金来源情况, 数据, 经济发展, 市统计局
年度城镇500万元以上项目制造业投资, 数据, 经济发展, 市统计局
年度城镇500万元以上项目制造业新增固定资产, 数据, 经济发展, 市统计局
年度城镇项目投资, 数据, 经济发展, 市统计局
年度出租汽车运营情况, 数据, 经济发展, 市统计局
年度道路、下水道、堤防、绿化情况, 数据, 经济发展, 市统计局
年度地质灾害防治, 数据, 公共服务, 市国土资源和规划局
年度房地产开发房屋面积和竣工房屋价值, 数据, 经济发展, 市统计局
年度房地产开发投资, 数据, 经济发展, 市统计局
年度房地产开发投资效率, 数据, 经济发展, 市统计局
年度房地产资金来源情况, 数据, 经济发展, 市统计局
年度分经济类型的全部工业总产值及构成, 数据, 经济发展, 市统计局
年度分年龄的人口数, 数据, 经济发展, 市统计局
年度分区按当年价格计算的农林牧渔业产值, 数据, 经济发展, 市统计局
年度分区财政收入, 数据, 经济发展, 市统计局
年度分区城镇居民年人均可支配收入, 数据, 经济发展, 市统计局
年度分区城镇居民年人均消费支出, 数据, 经济发展, 市统计局
年度分区单位GDP能耗及规模以上工业单位增加值能耗情况, 数据, 经济发展, 市统计局
年度分区房地产开发投资额和销售面积, 数据, 经济发展, 市统计局
年度分区耕地面积, 数据, 经济发展, 市统计局
年度分区农村居民人均纯收入, 数据, 经济发展, 市统计局
年度分区农村农作物总产量, 数据, 经济发展, 市统计局
年度分区农业投入, 数据, 经济发展, 市统计局
年度分区人口情况, 数据, 经济发展, 市统计局
年度分区社会固定资产投资, 数据, 经济发展, 市统计局
年度分区社会消费品零售, 数据, 经济发展, 市统计局
年度分区生产总值, 数据, 经济发展, 市统计局
年度分区乡村户数、人口、从业人员, 数据, 经济发展, 市统计局
年度分行业规模以上工业企业单位数及工业总产值、销售产值, 数据, 经济发展, 市统计局
年度分行业生产总值及指数, 数据, 经济发展, 市统计局
年度各区建筑业增加值, 数据, 经济发展, 市统计局
年度各区建筑业总产值, 数据, 经济发展, 市统计局
年度耕地面积, 数据, 经济发展, 市统计局
年度耕地面积变化情况, 数据, 公共服务, 市国土资源和规划局
年度工业生产者出厂价格指数, 数据, 经济发展, 市统计局
年度工业生产者购进价格指数, 数据, 经济发展, 市统计局
年度公共交通车辆拥有量及线路情况, 数据, 经济发展, 市统计局
年度公共交通情况, 数据, 经济发展, 市统计局
年度公共图书馆基本情况, 数据, 经济发展, 市统计局
年度固定资产投资, 数据, 经济发展, 市统计局
年度广播电视基本情况, 数据, 经济发展, 市统计局
年度规模工业企业单位数及构成, 数据, 经济发展, 市统计局
年度规模以上工业能源消费量（折标煤）, 数据, 经济发展, 市统计局
年度规模以上工业企业科技活动情况, 数据, 经济发展, 市统计局
年度规模以上工业企业主要经济效益指标, 数据, 经济发展, 市统计局
年度规模以上工业企业主要经济指标, 数据, 经济发展, 市统计局
年度规模以上工业主要产品产量, 数据, 经济发展, 市统计局
年度轨道交通, 数据, 经济发展, 市统计局
年度国民经济和社会发展主要结构指标, 数据, 经济发展, 市统计局
年度国民经济和社会发展总量指标, 数据, 经济发展, 市统计局
年度国有建设用地供应情况, 数据, 公共服务, 市国土资源和规划局
年度环境保护基本情况, 数据, 经济发展, 市统计局
年度婚姻登记情况, 数据, 经济发展, 市统计局
年度货物周转量, 数据, 经济发展, 市统计局
年度货运量, 数据, 经济发展, 市统计局
年度基本农田保护情况, 数据, 公共服务, 市国土资源和规划局
年度集体建设用地使用情况, 数据, 公共服务, 市国土资源和规划局
年度计划生育, 数据, 经济发展, 市统计局
年度检察机关办理各类案件情况, 数据, 经济发展, 市统计局
年度建筑业主要经济效益指标, 数据, 经济发展, 市统计局
年度建筑总专包企业财务情况, 数据, 经济发展, 市统计局
年度建筑总专包企业生产情况, 数据, 经济发展, 市统计局
年度金融机构年末储蓄存款余额, 数据, 经济发展, 市统计局
年度金融机构资金来源与运用, 数据, 经济发展, 市统计局
年度进出口贸易总额, 数据, 经济发展, 市统计局
年度居民死亡十种主要疾病构成情况, 数据, 经济发展, 市统计局
年度居民消费价格分类指数, 数据, 经济发展, 市统计局
年度客运量, 数据, 经济发展, 市统计局
年度矿泉水及地热, 数据, 公共服务, 市国土资源和规划局
年度历年保险业务经营情况, 数据, 经济发展, 市统计局
年度林业生产情况, 数据, 经济发展, 市统计局
年度旅客周转量, 数据, 经济发展, 市统计局
年度旅游基本情况, 数据, 经济发展, 市统计局
年度民用车辆拥有量, 数据, 经济发展, 市统计局
年度牧业生产情况, 数据, 经济发展, 市统计局
年度内河港口一览表, 数据, 经济发展, 市统计局
年度农村500万元以上项目固定资产投资情况, 数据, 经济发展, 市统计局
年度农村基层组织、户数、人口、从业人员, 数据, 经济发展, 市统计局
年度农村居民家庭基本情况, 数据, 经济发展, 市统计局
年度农村居民家庭平均每人全年购买商品情况, 数据, 经济发展, 市统计局
年度农村居民家庭人均现金收入和支出情况, 数据, 经济发展, 市统计局
年度农村居民人均收入构成情况表, 数据, 经济发展, 市统计局
年度农村农户（私人）固定资产投资情况, 数据, 经济发展, 市统计局
年度农村社会基础设施, 数据, 经济发展, 市统计局
年度农村自然灾害情况, 数据, 经济发展, 市统计局
年度农林牧渔业产值及构成, 数据, 经济发展, 市统计局
年度农林牧渔业分类产值, 数据, 经济发展, 市统计局
年度农民每百户耐用消费品拥有量, 数据, 经济发展, 市统计局
年度农民每百人购买耐用物品情况, 数据, 经济发展, 市统计局
年度农民人均出售主要农产品情况, 数据, 经济发展, 市统计局
年度农民人均消费情况表, 数据, 经济发展, 市统计局
年度农民人均支出构成情况, 数据, 经济发展, 市统计局
年度农民收入分组构成情况表, 数据, 经济发展, 市统计局
年度农业机械化情况, 数据, 经济发展, 市统计局
年度农业生产条件和农业投入, 数据, 经济发展, 市统计局
年度农作物播种面积, 数据, 经济发展, 市统计局
年度农作物产量, 数据, 经济发展, 市统计局
年度农作物单位面积产量, 数据, 经济发展, 市统计局
年度批发和零售业、住宿和餐饮业连锁经营情况, 数据, 经济发展, 市统计局
年度批发和零售业商品销售情况, 数据, 经济发展, 市统计局
年度平均每万人口在校学生数情况, 数据, 经济发展, 市统计局
年度平均每万元工业总产值能源消费量, 数据, 经济发展, 市统计局
年度平均每一专任教师负担的学生数情况, 数据, 经济发展, 市统计局
年度普通中小学和职业中学校舍情况, 数据, 经济发展, 市统计局
年度普通中学、小学专任教师学历情况, 数据, 经济发展, 市统计局
年度气象情况, 数据, 经济发展, 市统计局
年度全部工业总产值, 数据, 经济发展, 市统计局
年度全社会固定资产投资, 数据, 经济发展, 市统计局
年度全社会竣工房屋建筑面积, 数据, 经济发展, 市统计局
年度全社会新增固定资产, 数据, 经济发展, 市统计局
年度全社会用电量, 数据, 经济发展, 市统计局
年度全社会住宅竣工面积, 数据, 经济发展, 市统计局
年度全社会住宅投资, 数据, 经济发展, 市统计局
年度群众艺术馆、文化馆, 数据, 经济发展, 市统计局
年度人口变动（户籍统计）, 数据, 经济发展, 市统计局
年度人口构成（户籍统计）, 数据, 经济发展, 市统计局
年度商品房屋销售、出租与待售情况, 数据, 经济发展, 市统计局
年度商品交易市场分类, 数据, 经济发展, 市统计局
年度商品交易市场分类成交额, 数据, 经济发展, 市统计局
年度商品交易市场基本情况, 数据, 经济发展, 市统计局
年度商品零售价格分类指数, 数据, 经济发展, 市统计局
年度社会交通运输量, 数据, 经济发展, 市统计局
年度社会消费品零售总额, 数据, 经济发展, 市统计局
年度社会治安及安全情况, 数据, 经济发展, 市统计局
年度审批建设用地情况, 数据, 公共服务, 市国土资源和规划局
年度实际利用外资, 数据, 经济发展, 市统计局
年度实际新增建设用地情况, 数据, 公共服务, 市国土资源和规划局
年度市区清洁卫生情况, 数据, 经济发展, 市统计局
年度市属公证、律师机构及人员, 数据, 经济发展, 市统计局
年度市属民事纠纷调解情况, 数据, 经济发展, 市统计局
年度税收完成情况, 数据, 经济发展, 市统计局
年度体育事业基本情况, 数据, 经济发展, 市统计局
年度天河机场运输业务统计量, 数据, 经济发展, 市统计局
年度图书、杂志、报纸出版数量, 数据, 经济发展, 市统计局
年度土地登记发证与权属争议情况, 数据, 公共服务, 市国土资源和规划局
年度土地抵押登记情况, 数据, 公共服务, 市国土资源和规划局
年度土地利用情况, 数据, 公共服务, 市国土资源和规划局
年度土地征收情况, 数据, 公共服务, 市国土资源和规划局
年度土地整治项目竣工情况, 数据, 公共服务, 市国土资源和规划局
年度卫生事业床位数, 数据, 经济发展, 市统计局
年度卫生事业机构数, 数据, 经济发展, 市统计局
年度文化部门艺术表演场所演出情况, 数据, 经济发展, 市统计局
年度文化部门艺术表演团体基本情况（2012年）, 数据, 经济发展, 市统计局
年度文化产业机构和人员情况, 数据, 经济发展, 市统计局
年度武汉地区各级各类教育分年度基本情况, 数据, 经济发展, 市统计局
年度武汉市残联收支预算总表, 服务, 政府机构, 残疾人联合会
年度武汉市高新技术产业发展情况, 数据, 经济发展, 市统计局
年度武汉市教育局财政拨款支出预算表, 数据, 公共服务, 市教育局
年度武汉市教育局收支预算总表, 数据, 公共服务, 市教育局
年度武汉市税收情况统计表, 数据, 经济发展, 市国税局
年度武汉市体育局“三公”经费财政拨款预算表, 服务, 政府机构, 市体育局
年度武汉市体育局收支预算总表, 服务, 政府机构, 市体育局
年度武汉市信息产业办公室“三公”经费财政拨款预算表, 服务, 政府机构, 市网信办
年度武汉市信息产业办公室财政拨款（补助）支出预算表, 数据, 政府机构, 市网信办
年度武汉市信息产业办公室收支预算总表, 服务, 政府机构, 市网信办
年度武汉市园林局收支预算总表, 服务, 政府机构, 市园林和林业局
年度限额以上餐饮业法人财务指标, 数据, 经济发展, 市统计局
年度限额以上餐饮业法人企业经营情况, 数据, 经济发展, 市统计局
年度限额以上零售业法人财务指标, 数据, 经济发展, 市统计局
年度限额以上零售业法人企业商品购销存, 数据, 经济发展, 市统计局
年度限额以上批发和零售业商品销售类值, 数据, 经济发展, 市统计局
年度限额以上批发和零售业重要商品数量, 数据, 经济发展, 市统计局
年度限额以上批发业法人, 数据, 经济发展, 市统计局
年度限额以上批发业法人企业商品购销存, 数据, 经济发展, 市统计局
年度限额以上住宿业法人财务指标, 数据, 经济发展, 市统计局
年度限额以上住宿业法人企业经营情况, 数据, 经济发展, 市统计局
年度乡村从业人员, 数据, 经济发展, 市统计局
年度刑事案件批捕与起诉, 数据, 经济发展, 市统计局
年度行政区划及群众性自治组织, 数据, 经济发展, 市统计局
年度医疗机构基本情况, 数据, 经济发展, 市统计局
年度医疗机构所属人员情况, 数据, 经济发展, 市统计局
年度医疗卫生事业对居民的保证程度, 数据, 经济发展, 市统计局
年度艺术表演机构和人员情况, 数据, 经济发展, 市统计局
年度银行资金来源与运用, 数据, 经济发展, 市统计局
年度优抚和社会福利事业情况, 数据, 经济发展, 市统计局
年度邮电业务基本情况, 数据, 经济发展, 市统计局
年度幼儿园基本情况, 数据, 经济发展, 市统计局
年度渔业生产情况, 数据, 经济发展, 市统计局
年度政府储备土地情况, 数据, 公共服务, 市国土资源和规划局
年度证券市场交易情况, 数据, 经济发展, 市统计局
年度重点城市建设用地价格, 数据, 公共服务, 市国土资源和规划局
年度主要林产品产量, 数据, 经济发展, 市统计局
年度主要农产品产量, 数据, 经济发展, 市统计局
年度主要指标人均水平, 数据, 经济发展, 市统计局
年度住宿和餐饮业经营情况, 数据, 经济发展, 市统计局
年度专利申请、授权与有效量情况, 数据, 经济发展, 市统计局
年度自来水情况, 数据, 经济发展, 市统计局
年度总户数与总人口数（户籍统计）, 数据, 经济发展, 市统计局
年度殡葬事业情况, 数据, 经济发展, 市统计局
农村劳动力转移培训资金实际发放表, 数据, 农业农村, 市农业委员会
农家乐, 数据, 文化娱乐, 市旅游局
农民专业合作社基本情况汇总表, 数据, 农业农村, 市农业委员会
农业主要产品产量, 数据, 经济发展, 汉南区
平价商店分布地图, 服务, 公共服务, 市发展和改革委员会
平价商店每日菜价, 服务, 公共服务, 市发展和改革委员会
平台总表(截止时间：2014年12月31日), 数据, 政府机构, 市科学技术局
瓶装液化气合法供应点, 数据, 能源环境, 市城市管理委员会
其它材料备案查询, 服务, 政府机构, 市城乡建设委员会
企事业科协, 数据, 政府机构, 市科协
企业标准备案目录一览表, 数据, 经济发展, 市质量技术监督局
企业名录表（经信委）, 服务, 经济发展, 市经济和信息化委员会
企业申请专利排名, 数据, 公共服务, 市科学技术局
企业信息查询, 服务, 政府机构, 市城乡建设委员会
企业信息一览表, 数据, 经济发展, 市工商行政管理局
企业资质（三级）查询, 服务, 政府机构, 市城乡建设委员会
企业自主信息公示（湖北省暨武汉市市场主体信用信息公示系统）, 服务, 经济发展, 市工商行政管理局
前三季度全市工业经济运行情况, 数据, 政府机构, 市发展和改革委员会
桥隧限行一图知, 数据, 交通服务, 市交管局
青山-天兴洲轮渡航线, 数据, 交通服务, 市交通运输委员会
青山区2015年度4季度公租房租赁补贴核发情况统计表, 数据, 政府机构, 青山区
青山区第一季度空气质量改善情况, 数据, 政府机构, 青山区
青山区司法局办公地点(地图), 数据, 法律服务, 市司法局
区安委办关于2015年1-3季度全区安全生产工作情况的通报, 数据, 公共安全, 江汉区
区妇联2016年部门预算公开, 服务, 政府机构, 黄陂区
区工商联2016年部门预算公开, 服务, 政府机构, 新洲区
区级机构信息一览表, 数据, 政府机构, 市监察局
区级农业技术人员统计表, 数据, 农业农村, 市农业委员会
区级审计局网站快速导航地图, 服务, 政府机构, 市审计局
区纪委监察局2016年部门预算公开, 服务, 政府机构, 新洲区
区科协信息, 数据, 政府机构, 市科协
区民政局启动2013年度福利企业超比例安排残疾人就业奖励申报工作, 数据, 经济发展, 武汉临空港经济技术开发区管委会(东西湖)
区人民政府办公室关于印发东西湖区2016年政府采购目录及标准, 数据, 经济发展, 武汉临空港经济技术开发区管委会(东西湖)
区史志办2016年“三公”经费财政拨款预算表, 服务, 政府机构, 黄陂区
区市场监督管理局2016年部门预算公开, 服务, 政府机构, 新洲区
区市场监管局2016年部门预算公开, 服务, 经济发展, 黄陂区
区委办公室2016年预算和“三公”经费预算信息公开, 服务, 政府机构, 黄陂区
区委党校2016年部门预算公开, 服务, 政府机构, 新洲区
区委统战部2016年部门预算公开, 服务, 政府机构, 黄陂区
区委组织部2016年部门预算公开, 服务, 政府机构, 新洲区
区委组织部2016年部门预算公开说明, 服务, 政府机构, 黄陂区
区信访局（单位）2016年部门预算公开, 服务, 政府机构, 新洲区
区政府办2016年预算和“三公”经费预算信息公开, 服务, 政府机构, 黄陂区
区政协2016年部门预算公开, 服务, 政府机构, 新洲区
区直机关工委2016年部门预算公开, 服务, 政府机构, 新洲区
区总工会2016年部门预算公开, 服务, 政府机构, 新洲区
全国房地产经纪人, 数据, 公共服务, 市住房保障和房屋管理局
全省星级农家书屋一览表, 数据, 文化娱乐, 市文化局
全市121所场馆对外开放学校名单, 服务, 文化娱乐, 市体育局
全市城管部门管理公厕一览表, 数据, 能源环境, 市城市管理委员会
全市出土工地已安装监控统计, 数据, 公共安全, 市城市管理委员会
全市各区办证点名称及电话一览表, 服务, 公共服务, 市卫生和计划生育委员会
全市各区政府侨办地址及联系方式, 数据, 政府机构, 市外事办公室
全市工业经济运行情况, 数据, 政府机构, 市经济和信息化委员会
全市管道燃气企业名称, 数据, 政府机构, 市城市管理委员会
全市婚姻登记机关地址电话, 数据, 政府机构, 汉南区
 全市垃圾中转站一览表, 数据, 能源环境, 市城市管理委员会
全市劳动保障监察机构举报投诉中心, 数据, 公共服务, 市人力资源和社会保障局
全市老年证办证点一览表, 数据, 公共服务, 市民政局
全市汽车销售4S店登记服务站一览表, 数据, 公共服务, 市公安局
全市税务服务站基本情况明细表, 数据, 政府机构, 市国税局
全市职工工资等有关统计数据, 数据, 经济发展, 市统计局
全市重点区域公益免费WIFI覆盖热点一览表, 服务, 政府机构, 市网信办
全市殡仪馆、殡仪车号牌和24小时服务电话, 数据, 公共服务, 市民政局
人力资源服务机构, 数据, 政府机构, 市人力资源和社会保障局
人民银行贷款卡服务窗口及联系方式一览表, 数据, 金融服务, 市金融工作局
三江港区二期综合码头, 数据, 经济发展, 武汉新港管委会
三江港区一期综合码头多用途泊位, 数据, 经济发展, 武汉新港管委会
三江港区一期综合码头件杂货泊位, 数据, 经济发展, 武汉新港管委会
三线一路规划湖泊情况一览表, 数据, 能源环境, 市水务局
商业银行贷款卡预审网点信息一览表, 数据, 金融服务, 市金融工作局
上半年工业重大项目招商进展情况, 数据, 政府机构, 市发展和改革委员会
上报湖北省人防办公室刊发稿件详细情况登计表, 数据, 公共服务, 市民防办公室
社会事务（救助）服务中心一览表, 数据, 公共服务, 蔡甸区
社会消费品零售额, 数据, 经济发展, 汉南区
申报纳税期限安排, 数据, 经济发展, 市国税局
生产放射源的单位, 服务, 能源环境, 市环境保护局
生产射线装置的单位, 服务, 能源环境, 市环境保护局
生鲜市场, 服务, 公共服务, 市国土资源和规划局
省级产业技术创新战略联盟名录, 数据, 教育科技, 市科学技术局
省级重点实验室(截止到2014年12月，武汉市共有省级重点实验室121家), 数据, 教育科技, 市科学技术局
施工路段绕行图, 服务, 交通服务, 市交管局
施工许可查询, 服务, 政府机构, 市城乡建设委员会
食品相关产品及化妆品获证企业名单一览表, 数据, 经济发展, 市质量技术监督局
使用放射源的单位, 服务, 能源环境, 市环境保护局
使用射线装置的单位, 服务, 能源环境, 市环境保护局
市、区管理机构, 服务, 政府机构, 市城市管理委员会
市安委会关于2015年全市伤亡事故情况的通报, 服务, 公共安全, 市安全生产监督管理局
市财政局有关部门联系方式, 数据, 经济发展, 市财政局
市城市管理委员会生活垃圾服务费收取明细, 数据, 政府机构, 市城市管理委员会
市城市管理委员会直属单位列表, 数据, 政府机构, 市城市管理委员会
市工商局各工商所名单 , 数据, 政府机构, 市工商行政管理局
市工商局直属单位及主要职责, 数据, 政府机构, 市工商行政管理局
市国资委 2016年“三公”经费财政拨款预算表, 服务, 政府机构, 市国有资产监督管理委员会
市国资委 2016年财政拨款支出预算表-按功能科目, 服务, 政府机构, 市国有资产监督管理委员会
市国资委 2016年财政拨款支出预算表-按经济科目, 服务, 政府机构, 市国有资产监督管理委员会
市国资委 2016年收支预算总表, 服务, 政府机构, 市国有资产监督管理委员会
市级以上文保名单一览表, 数据, 文化娱乐, 市文化局
市级重点实验室名录（截止到2014年12月，武汉市共有重点实验室3家）, 数据, 教育科技, 市科学技术局
市纪委、监察局派出（驻）纪检监察机构名单一览表, 数据, 政府机构, 市监察局
市交通运输委员会单位地址, 数据, 公共服务, 市交通运输委员会
市科学技术局 (市知识产权局) 2016年“三公”经费财政拨款预算表, 服务, 教育科技, 市科学技术局
市科学技术局 (市知识产权局) 2016年财政拨款支出预算表（按功能科目）, 服务, 教育科技, 市科学技术局
市科学技术局 (市知识产权局) 2016年财政拨款支出预算表（按经济科目）, 服务, 教育科技, 市科学技术局
市科学技术局 (市知识产权局) 2016年收支预算总表, 服务, 教育科技, 市科学技术局
市科学技术局 (市知识产权局)2016年“三公”经费财政拨款预算情况, 服务, 教育科技, 市科学技术局
市科学技术局(市知识产权局)2016年部门预算公开, 服务, 教育科技, 市科学技术局
市劳动保障监察举报投诉电话及地址, 数据, 政府机构, 市人力资源和社会保障局
市农业委员会领导分工, 数据, 农业农村, 市农业委员会
市企业自主创新项目第三方审核机构审核情况及专家复评基本情况表, 数据, 经济发展, 市经济和信息化委员会
市区共同担保平台业务办理情况统计表（截止2014年底）, 数据, 政府机构, 市科学技术局
市人力资源和社会保障局常用电话及地址(备用), 数据, 公共服务, 市人力资源和社会保障局
市商务局2016年部门预算公开, 服务, 经济发展, 市商务局
市商务局2016年财政拨款支出预算表-按功能科目, 服务, 经济发展, 市商务局
市商务局2016年财政拨款支出预算表-按经济科目, 服务, 经济发展, 市商务局
市商务局2016年收支预算总表, 服务, 经济发展, 市商务局
市外办2016年“三公”经费财政拨款预算表, 服务, 政府机构, 市外事办公室
市外办2016年部门预算公开, 服务, 政府机构, 市外事办公室
市外办2016年财政拨款支出预算表-按功能科目, 服务, 政府机构, 市外事办公室
市外办2016年财政拨款支出预算表-按经济科目, 服务, 政府机构, 市外事办公室
市外办2016年收支预算总表, 服务, 政府机构, 市外事办公室
市委党校、行政学院各部门办公电话一览表, 数据, 公共服务, 市委党校（武汉行政学院）
市卫生和计划生育委员会2016年“三公”经费财政拨款预算表, 服务, 公共服务, 市卫生和计划生育委员会
市卫生和计划生育委员会2016年财政拨款支出预算表-按功能科目, 服务, 公共服务, 市卫生和计划生育委员会
市卫生和计划生育委员会2016年财政拨款支出预算表-按经济科目, 服务, 公共服务, 市卫生和计划生育委员会
税务机关代开发票查验, 服务, 经济发展, 市国税局
塑料门窗企业备案查询, 服务, 政府机构, 市城乡建设委员会
天河机场航班查询, 服务, 交通服务, 市交通运输委员会
天河机场夏秋航季国际地区航班信息表, 数据, 交通服务, 市交通运输委员会
天然气价格, 数据, 能源环境, 市发展和改革委员会
通过合格确认企业名单, 数据, 经济发展, 市质量技术监督局
统计年鉴, 数据, 经济发展, 市统计局
土地面积、人口密度、户数、人口数, 数据, 经济发展, 市统计局
外国在汉签证办理一览表, 数据, 政府机构, 市外事办公室
外国驻汉总领事馆地址和联系方式, 数据, 公共服务, 市外事办公室
网络发票内容查询, 服务, 经济发展, 市国税局
网上汇缴资金委托收款合作银行, 服务, 公共服务, 武汉住房公积金管理中心
危险废物经营许可单位, 服务, 能源环境, 市环境保护局
危险化学品经营许可查询, 服务, 医疗卫生, 市安全生产监督管理局
危险货物运输企业基本情况表, 数据, 公共安全, 市交通运输委员会
卫计委办公位置查询, 数据, 政府机构, 市卫生和计划生育委员会
卫生许可证查询, 服务, 医疗卫生, 市卫生和计划生育委员会
文化遗产目录, 数据, 文化娱乐, 市档案局
武昌区2014年排污许可公示, 数据, 能源环境, 武昌区
武昌区2015春中职国家助学金政务公开, 数据, 政府机构, 武昌区
武昌区2015春中职免学费资金政务公开, 数据, 政府机构, 武昌区
武昌区2015年度四季度就业补助资金, 数据, 政府机构, 武昌区
武昌区2015年度重点排污单位名录, 数据, 能源环境, 武昌区
武昌区2015年孕前优生健康检查项目专项资金, 数据, 政府机构, 武昌区
武昌区2016年第一季度公租房租赁补贴资金, 数据, 政府机构, 武昌区
武昌区环境保护局征收建筑噪声超标排污费, 数据, 能源环境, 武昌区
武昌区司法局办公地点(地图), 数据, 法律服务, 市司法局
武昌区网吧, 数据, 文化娱乐, 市文化局
武昌区卫生和计划生育委员会2016年上半年基本公卫下拨, 数据, 政府机构, 武昌区
武昌区新增高清电子监控抓拍地点, 数据, 交通服务, 市交管局
武汉12316三农热线技术专家资料, 数据, 农业农村, 市农业委员会
武汉不停车电子收费系统缴费银行, 服务, 交通服务, 武汉市城市路桥收费中心
武汉不停车电子收费系统客服网点, 数据, 交通服务, 武汉市城市路桥收费中心
武汉不停车电子收费系统收费标准, 数据, 交通服务, 武汉市城市路桥收费中心
武汉出入境各受理点地址, 数据, 公共服务, 市公安局
武汉地表水环境质量状况, 服务, 能源环境, 市环境保护局
武汉地铁线路运营图, 服务, 交通服务, 市地铁集团
武汉东湖风景名胜区总体规划图, 数据, 经济发展, 东湖生态旅游风景区管委会
武汉东湖新技术开发区左岭地区局部基本生态控制线调整, 数据, 经济发展, 市国土资源和规划局
武汉都市发展区“1+6”空间发展战略实施规划（东南组群）, 数据, 经济发展, 市国土资源和规划局
武汉都市发展区“1+6”空间发展战略实施规划（西南组群）, 数据, 经济发展, 市国土资源和规划局
武汉房地产经纪人, 数据, 公共服务, 市住房保障和房屋管理局
武汉各大商圈免费停车场一览表, 数据, 交通服务, 市公安局
武汉工商行政管理常用数字统计表, 数据, 经济发展, 市工商行政管理局
武汉公共自行车站点地图, 数据, 交通服务, 市城市管理委员会
武汉公园一览, 服务, 文化娱乐, 市园林和林业局
武汉股权托管交易中心-科技板武汉市企业名单（截止2015年一季度）, 数据, 金融服务, 市科学技术局
武汉关-中华路轮渡航线, 数据, 交通服务, 市交通运输委员会
武汉轨道交通3号线工作日首末班车时间, 数据, 交通服务, 市地铁集团
武汉轨道交通3号线双休日首末班车时间, 数据, 交通服务, 市地铁集团
武汉国际友好城市一览表, 数据, 政府机构, 市外事办公室
武汉国企名录, 数据, 经济发展, 市国有资产监督管理委员会
武汉技术转移示范机构, 数据, 教育科技, 市科学技术局
武汉交通运输统计年报表, 数据, 经济发展, 市交通运输委员会
武汉经济技术开发区地表水环境质量状况, 数据, 能源环境, 武汉经济技术开发区管委会
武汉经济适用房预售许可信息, 服务, 政府机构, 市住房保障和房屋管理局
武汉酒店一览表, 数据, 公共服务, 市交通运输委员会
武汉居民健康卡一卡通的医院（部分）, 数据, 医疗卫生, 市卫生和计划生育委员会
武汉开发区（汉南区）党政办公室2016年部门预算表, 服务, 政府机构, 武汉经济技术开发区管委会
武汉开发区义务教育学校服务范围, 数据, 公共服务, 武汉经济技术开发区管委会
武汉口岸进出口运量统计表, 数据, 经济发展, 市商务局
武汉快餐一览表, 数据, 公共服务, 市交通运输委员会
武汉临空港经济技术开发区（东西湖区）服务业蓬勃增长, 数据, 经济发展, 武汉临空港经济技术开发区管委会(东西湖)
武汉临空港经济技术开发区（东西湖区）经济规划, 数据, 经济发展, 武汉临空港经济技术开发区管委会(东西湖)
武汉路桥ETC微信公众号、支付宝二维码, 服务, 公共服务, 武汉市城市路桥收费中心
武汉旅行社文明调查结果, 服务, 文化娱乐, 市旅游局
武汉名牌一览表, 数据, 经济发展, 市质量技术监督局
武汉女子监狱2015年三季度裁前数据表, 数据, 法律服务, 市法院
武汉人力资源服务机构星级评定结果, 数据, 政府机构, 市人力资源和社会保障局
武汉市100个车管邮政服务网点, 数据, 交通服务, 市交管局
武汉市2013年标定地价, 数据, 公共服务, 市国土资源和规划局
武汉市2014年度重点重金属排放企业名单, 服务, 能源环境, 市环境保护局
武汉市2014年市管重点污染源基本信息, 服务, 能源环境, 市环境保护局
武汉市2014年新增体育场馆数据统计, 数据, 公共服务, 市体育局
武汉市2015年度旅游统计信息, 数据, 文化娱乐, 市旅游局
武汉市2015年暨“十二五”期间国民经济和社会发展统计公报, 服务, 经济发展, 市统计局
武汉市2016年春节黄金周统计信息, 数据, 文化娱乐, 市旅游局
武汉市2016年第2季度废气国控重点企业监测结果, 数据, 能源环境, 市环境保护局
武汉市2016年第2季度废水国控重点企业监测结果, 数据, 能源环境, 市环境保护局
武汉市2016年第2季度国控城镇污水处理厂监测结果, 数据, 能源环境, 市环境保护局
武汉市2016年第2季度危险废物国控企业（废水）监测结果, 数据, 能源环境, 市环境保护局
武汉市3000O以上商业网点业态基本情况表, 数据, 经济发展, 市商务局
武汉市3c企业名单, 数据, 经济发展, 市质量技术监督局
武汉市安监局 2016年“三公”经费财政拨款预算表, 服务, 公共安全, 市安全生产监督管理局
武汉市安监局2016年“三公”经费财政拨款预算情况说明, 服务, 公共安全, 市安全生产监督管理局
武汉市安监局2016年财政拨款支出预算表-按功能科目, 服务, 公共安全, 市安全生产监督管理局
武汉市安监局2016年财政拨款支出预算表-按经济科目, 服务, 公共安全, 市安全生产监督管理局
武汉市安监局2016年收支预算总表, 服务, 公共安全, 市安全生产监督管理局
武汉市安全生产监督管理局各区机构, 数据, 公共服务, 市安全生产监督管理局
武汉市按摩医院总院及各分院联系表, 服务, 公共服务, 市民政局
武汉市编办2016年“三公”经费财政拨款预算表, 服务, 政府机构, 市编办
武汉市编办2016年“三公”经费财政拨款预算情况说明, 服务, 政府机构, 市编办
武汉市编办2016年部门预算公开说明, 服务, 政府机构, 市编办
武汉市编办2016年财政拨款支出预算表（按功能科目）, 服务, 政府机构, 市编办
武汉市编办2016年财政拨款支出预算表（按经济科目）, 服务, 政府机构, 市编办
武汉市编办2016年收支预算总表, 服务, 政府机构, 市编办
武汉市财政局2016年“三公”经费财政拨款, 服务, 经济发展, 市财政局
武汉市财政局2016年“三公”经费财政拨款预算表, 服务, 经济发展, 市财政局
武汉市财政局2016年部门预算公开说明, 服务, 经济发展, 市财政局
武汉市财政局2016年财政拨款支出预算表（按功能科目）, 服务, 经济发展, 市财政局
武汉市财政局2016年财政拨款支出预算表（按经济科目）, 服务, 经济发展, 市财政局
武汉市财政局2016年收支预算总表, 服务, 经济发展, 市财政局
武汉市财政局局领导分工信息, 数据, 经济发展, 市财政局
武汉市蔡甸区2014年国民经济和社会发展统计公报, 数据, 经济发展, 蔡甸区
武汉市残疾人联合会各单位地址、联系方式, 数据, 政府机构, 残疾人联合会
武汉市产品采标标志备案明细表, 数据, 经济发展, 市质量技术监督局
武汉市产业技术创新战略联盟名录, 数据, 教育科技, 市科学技术局
武汉市~口区2016年区级公共财政支出预算明细表-功能分类, 服务, 政府机构, ~口区
武汉市~口区2016年区级公共财政支出预算明细表-经济分类, 服务, 政府机构, ~口区
武汉市常住人口、流动人口情况, 数据, 公共服务, 市公安局
武汉市车管所及其分所, 数据, 交通服务, 市交管局
武汉市城市地价动态监测（地价水平）, 数据, 公共服务, 市国土资源和规划局
武汉市城市公办福利机构一览表, 数据, 公共服务, 市民政局
武汉市城市管理委员会2016年“三公”经费财政拨款预算表, 服务, 政府机构, 市城市管理委员会
武汉市城市管理委员会2016年部门预算公开, 服务, 政府机构, 市城市管理委员会
武汉市城市管理委员会2016年财政拨款支出预算表（按功能科目）, 服务, 政府机构, 市城市管理委员会
武汉市城市管理委员会2016年财政拨款支出预算表（按经济科目）, 服务, 政府机构, 市城市管理委员会
武汉市城市管理委员会2016年收支预算总表, 服务, 政府机构, 市城市管理委员会
武汉市城市管理委员会便民信息公开, 数据, 政府机构, 市城市管理委员会
武汉市城市管理委员会领导分工信息, 数据, 政府机构, 市城市管理委员会
武汉市城市管理委员会组织架构, 数据, 政府机构, 市城市管理委员会
武汉市城市轨道交通（建成）综合表, 数据, 交通服务, 市城乡建设委员会
武汉市城市轨道交通（在建）综合表, 数据, 交通服务, 市城乡建设委员会
武汉市城市绿地系统规划, 数据, 能源环境, 市园林和林业局
武汉市城市社会办福利机构一览表, 数据, 公共服务, 市民政局
武汉市城乡建设委会2016年财政拨款支出预算表（按支出经济分类科目）, 服务, 政府机构, 市城乡建设委员会
武汉市城乡建设委员会2016年“三公”经费财政拨款, 服务, 政府机构, 市城乡建设委员会
武汉市城乡建设委员会2016年财政拨款支出预算表（按支出功能科目）, 服务, 政府机构, 市城乡建设委员会
武汉市城乡建设委员会2016年收支预算总表, 服务, 政府机构, 市城乡建设委员会
武汉市城镇基本医疗保险定点零售药店名单, 数据, 政府机构, 市人力资源和社会保障局
武汉市城镇基本医疗保险定点医疗机构名单, 数据, 政府机构, 市人力资源和社会保障局
武汉市春节黄金周统计信息, 数据, 公共服务, 市旅游局
武汉市慈善会联系方式一览表, 服务, 公共服务, 市民政局
武汉市大型货运市场基本情况表, 数据, 经济发展, 市交通运输委员会
武汉市档案局 2016年“三公”经费财政拨款预算表, 服务, 政府机构, 市档案局
武汉市档案局 2016年财政拨款支出预算表-按经济科目, 服务, 政府机构, 市档案局
武汉市档案局2016年“三公”经费财政拨款预算情况说明, 服务, 政府机构, 市档案局
武汉市档案局2016年部门预算公开说明, 服务, 政府机构, 市档案局
武汉市档案局2016年财政拨款支出预算表-按功能科目, 服务, 政府机构, 市档案局
武汉市档案局2016年收支预算总表, 服务, 政府机构, 市档案局
武汉市道路和桥梁综合表, 数据, 交通服务, 市城乡建设委员会
武汉市道路旅游客运企业和车辆表, 数据, 交通服务, 市交通运输委员会
武汉市道路绿化养护管理路段长明细表, 数据, 能源环境, 市园林和林业局
武汉市地方税务局2016年“三公”经费财政拨款预算表, 服务, 经济发展, 市地税局
武汉市地方税务局2016年“三公”经费财政拨款预算情况, 服务, 经济发展, 市地税局
武汉市地方税务局2016年财政拨款支出预算表（按功能科目）, 服务, 经济发展, 市地税局
武汉市地方税务局2016年财政拨款支出预算表（按经济科目）, 服务, 经济发展, 市地税局
武汉市地方税务局2016年收支预算总表, 服务, 经济发展, 市地税局
武汉市地质灾害防治规划（2011―2020年）, 数据, 公共安全, 市国土资源和规划局
武汉市电动自行车办牌点, 数据, 交通服务, 市交管局
武汉市电动自行车登记点, 数据, 交通服务, 市公安局
武汉市东湖高新开发区体育经营单位一览表, 数据, 公共服务, 市体育局
武汉市东湖生态风景区体育经营单位一览表, 数据, 公共服务, 市体育局
武汉市东湖生态旅游风景区本级2016年三公经费财政拨款预算表, 服务, 政府机构, 东湖生态旅游风景区管委会
武汉市东湖生态旅游风景区本级2016年三公经费财政拨款预算情况, 服务, 政府机构, 东湖生态旅游风景区管委会
武汉市东西湖区气象局气象灾害预警信息发布平台配套软件、会议系统、配套硬件公开招标采购项目（第一次）中标公告, 数据, 经济发展, 武汉临空港经济技术开发区管委会(东西湖)
武汉市东西湖区信访局机构编制情况表, 数据, 经济发展, 武汉临空港经济技术开发区管委会(东西湖)
武汉市发展和改革委员会2016年“三公”经费财政拨款预算表, 服务, 政府机构, 市发展和改革委员会
武汉市发展和改革委员会2016年部门预算公开, 服务, 政府机构, 市发展和改革委员会
武汉市发展和改革委员会2016年财政拨款支出预算（按经济科目）, 服务, 政府机构, 市发展和改革委员会
武汉市发展和改革委员会2016年财政拨款支出预算表（按功能科目）, 服务, 政府机构, 市发展和改革委员会
武汉市发展和改革委员会2016年收支预算总表, 服务, 政府机构, 市发展和改革委员会
武汉市房地产开发企业资质信息, 服务, 政府机构, 市住房保障和房屋管理局
武汉市房屋安全鉴定机构, 数据, 政府机构, 市住房保障和房屋管理局
武汉市非物质文化遗产代表性传承人一览表, 数据, 公共服务, 市文化局
武汉市福利企业信息一览表, 服务, 公共服务, 市民政局
武汉市妇女联合会2016年"三公"经费财政拨款预算表, 服务, 政府机构, 市妇联
武汉市妇女联合会2016年"三公"经费财政拨款预算情况说明, 服务, 政府机构, 市妇联
武汉市妇女联合会2016年部门预算公开说明, 服务, 政府机构, 市妇联
武汉市妇女联合会2016年财政拨款支出预算表（按功能科目）, 服务, 政府机构, 市妇联
武汉市妇女联合会2016年财政拨款支出预算表（按经济科目）, 服务, 政府机构, 市妇联
武汉市妇女联合会2016年收支预算总表, 服务, 政府机构, 市妇联
武汉市各看守所服务电话, 数据, 政府机构, 市公安局
武汉市各区民政局一览表, 服务, 公共服务, 市民政局
武汉市各区农贸市场主副食品价格对比表, 服务, 公共服务, 市发展和改革委员会
武汉市各区体育经营单位一览表, 服务, 公共服务, 市体育局
武汉市各区知识产权局机构设置及联系方式, 数据, 公共安全, 市科学技术局
武汉市工程技术研究中心名录, 数据, 教育科技, 市科学技术局
武汉市工读学校一览表, 数据, 教育科技, 市教育局
武汉市工商局2015年12315消费维权信息统计表, 数据, 经济发展, 市工商行政管理局
武汉市工商行政管理局2016年“三公”经费财政拨款预算表, 服务, 经济发展, 市工商行政管理局
武汉市工商行政管理局2016年“三公”经费财政拨款预算情况说明, 服务, 经济发展, 市工商行政管理局
武汉市工商行政管理局2016年部门预算公开, 服务, 经济发展, 市工商行政管理局
武汉市工商行政管理局2016年财政拨款支出预算表-功能科目, 服务, 经济发展, 市工商行政管理局
武汉市工商行政管理局2016年财政拨款支出预算表-经济科目, 服务, 经济发展, 市工商行政管理局
武汉市工商行政管理局2016年收支预算总表, 服务, 经济发展, 市工商行政管理局
武汉市工商业联合会2016年“三公”经费财政拨款预算表, 服务, 政府机构, 市工商联
武汉市工商业联合会2016年部门预算公开, 服务, 政府机构, 市工商联
武汉市工商业联合会2016年财政拨款支出预算表（按功能科目）, 服务, 政府机构, 市工商联
武汉市工商业联合会2016年财政拨款支出预算表（按经济科目）, 服务, 政府机构, 市工商联
武汉市工商业联合会2016年收支预算总表, 服务, 政府机构, 市工商联
武汉市工业产品生产许可证获证情况汇总表（含食包）20130604, 数据, 经济发展, 市质量技术监督局
武汉市工业空间布局规划, 数据, 经济发展, 市经济和信息化委员会
武汉市工业用地监测范围地价区段标准宗地分布图, 数据, 公共服务, 市国土资源和规划局
武汉市公安局2016年“三公”经费财政拨款预算情况说明, 服务, 公共安全, 市公安局
武汉市公安局2016年部门预算公开说明, 服务, 公共安全, 市公安局
武汉市公安局机构编制情况表, 数据, 公共安全, 市公安局
武汉市公安局所有在职人员信息公开, 服务, 公共安全, 市公安局
武汉市公安局下属机构, 数据, 公共安全, 市公安局
武汉市公园公共资源目录, 数据, 能源环境, 市园林和林业局
武汉市固定资产投资项目节能评估文件编制机构备案调整名单, 数据, 经济发展, 市发展和改革委员会
武汉市规划设计单位资质统计表, 数据, 公共服务, 市国土资源和规划局
武汉市规划展示馆三维实景, 服务, 公共服务, 市国土资源和规划局
武汉市归国华侨联合会2016年“三公”经费财政拨款 预算情况说明, 服务, 政府机构, 市侨联
武汉市归国华侨联合会2016年部门预算公开说明, 服务, 政府机构, 市侨联
武汉市归国华侨联合会2016年财政拨款支出预算表, 服务, 政府机构, 市侨联
武汉市归国华侨联合会2016年收支预算总表, 服务, 政府机构, 市侨联
武汉市国际友好交流城市结好时间表-65个, 数据, 政府机构, 市外事办公室
武汉市国家税务局2016年3月非正常户公告_个体工商业户类, 数据, 政府机构, 市国税局
武汉市国家税务局2016年3月份非正常户公告_企业或单位类, 数据, 政府机构, 市国税局
武汉市国民经济主要指标月度数据, 服务, 经济发展, 市统计局
武汉市国土和资源规划局领导分工信息, 数据, 经济发展, 市国土资源和规划局
武汉市国土和资源规划局土地出让结果信息公开, 服务, 经济发展, 市国土资源和规划局
武汉市国土资源和规划局2016年“三公”经费财政拨款预算表, 服务, 政府机构, 市国土资源和规划局
武汉市国土资源和规划局2016年“三公”经费财政拨款预算情况说明, 服务, 政府机构, 市国土资源和规划局
武汉市国土资源和规划局2016年部门预算公开说明, 服务, 政府机构, 市国土资源和规划局
武汉市国土资源和规划局2016年财政拨款支出预算表（按支出功能科目）, 服务, 政府机构, 市国土资源和规划局
武汉市国土资源和规划局2016年财政拨款支出预算表（按支出经济分类科目）, 服务, 政府机构, 市国土资源和规划局
武汉市国土资源和规划局2016年收支预算总表, 服务, 政府机构, 市国土资源和规划局
武汉市国有土地使用证, 服务, 公共服务, 市国土资源和规划局
武汉市汉南区2015年闲置土地处置情况表, 数据, 经济发展, 汉南区
武汉市汉南区涉企行政事业性收费一览表, 数据, 政府机构, 汉南区
武汉市汉南区体育经营单位一览表, 数据, 公共服务, 市体育局
武汉市核心科技示范户一览表, 数据, 农业农村, 市农业委员会
武汉市红十字会2016年“三公”经费财政拨款预算表, 服务, 医疗卫生, 市红十字会
武汉市红十字会2016年部门预算公开说明, 服务, 医疗卫生, 市红十字会
武汉市红十字会2016年财政拨款支出预算表(按功能科目), 服务, 医疗卫生, 市红十字会
武汉市红十字会2016年财政拨款支出预算表(按经济科目), 服务, 医疗卫生, 市红十字会
武汉市红十字会2016年收支预算总表, 服务, 医疗卫生, 市红十字会
武汉市湖泊保护热线电话, 数据, 能源环境, 市水务局
武汉市互联网信息办公室2016年“三公”经费财政拨款预算表, 服务, 政府机构, 市网信办
武汉市互联网信息办公室2016年财政拨款支出预算表（按功能科目）, 服务, 政府机构, 市网信办
武汉市互联网信息办公室2016年财政拨款支出预算表（按经济科目）, 服务, 政府机构, 市网信办
武汉市互联网信息办公室2016年收支预算总表, 服务, 政府机构, 市网信办
武汉市化学工业园区产业链, 服务, 经济发展, 武汉化学工业区管委会
武汉市化学工业园区大记事, 数据, 经济发展, 武汉化学工业区管委会
武汉市化学工业园区生产要素, 数据, 经济发展, 武汉化学工业区管委会
武汉市化学工业园区优惠政策, 服务, 经济发展, 武汉化学工业区管委会
武汉市化学工业园区招商项目, 服务, 经济发展, 武汉化学工业区管委会
武汉市化学工业园区整体优势, 服务, 经济发展, 武汉化学工业区管委会
武汉市化学工业园区总体规划, 服务, 经济发展, 武汉化学工业区管委会
武汉市环保局机关各部门及直属单位信息, 数据, 能源环境, 市环境保护局
武汉市环境保护局2016年“三公”经费财政拨款预算表, 服务, 能源环境, 市环境保护局
武汉市环境保护局2016年财政拨款支出预算表（按功能科目）, 服务, 能源环境, 市环境保护局
武汉市环境保护局2016年财政拨款支出预算表（按经济科目）, 服务, 能源环境, 市环境保护局
武汉市环境保护局2016年度部门预算公开, 服务, 能源环境, 市环境保护局
武汉市环境保护局2016年收支预算总表, 服务, 能源环境, 市环境保护局
武汉市环境空气质量实时发布系统, 服务, 能源环境, 市环境保护局
武汉市黄陂区发展和改革委员会2016年部门预算公开, 服务, 政府机构, 黄陂区
武汉市黄陂区司法局2016年收支预算总表, 服务, 政府机构, 黄陂区
武汉市黄陂区体育经营单位一览表, 数据, 公共服务, 市体育局
武汉市会计人员继续教育社会培训单位名单, 数据, 教育科技, 市财政局
武汉市婚姻登记机关一览表, 服务, 公共服务, 市民政局
武汉市机动车安全技术检测站车流量播报表, 数据, 交通服务, 市交管局
武汉市机动车登记业务收费项目和标准明细表, 数据, 交通服务, 市交管局
武汉市机动车维修企业质量信誉考核情况汇总表, 数据, 交通服务, 市交通运输委员会
武汉市级社团组织一览表, 数据, 公共服务, 市民政局
武汉市技术合同登记站一览表, 数据, 公共服务, 市科学技术局
武汉市纪委、市监察局领导及分工, 数据, 政府机构, 市纪委
武汉市纪委、市监察局领导信息公开, 数据, 法律服务, 市监察局
武汉市纪委、市监察局区级机构, 数据, 政府机构, 市纪委
武汉市家电维修等级收费标准, 数据, 公共服务, 市网信办
武汉市驾驶人考场一览表, 数据, 交通服务, 市交管局
武汉市驾驶证业务收费项目和标准明细表, 数据, 交通服务, 市交管局
武汉市监察局2016年部门预算公开, 服务, 法律服务, 市监察局
武汉市监察局2016年财政拨款支出预算表(按功能科目), 服务, 法律服务, 市监察局
武汉市监察局2016年财政拨款支出预算表(按经济科目), 服务, 法律服务, 市监察局
武汉市监察局2016年三公经费财政拨款预算表, 服务, 法律服务, 市监察局
武汉市监察局2016年三公经费财政拨款预算情况, 服务, 法律服务, 市监察局
武汉市监察局2016年收支预算总表, 服务, 法律服务, 市监察局
武汉市监察局派出派驻机构, 数据, 法律服务, 市监察局
武汉市监察局区级机构联系信息, 数据, 法律服务, 市监察局
武汉市检测站分布图, 数据, 公共服务, 市公安局
武汉市交通大队车管中队, 数据, 交通服务, 市交管局
武汉市交通运输委员会2016年财政拨款支出预算表（按功能科目）, 服务, 公共服务, 市交通运输委员会
武汉市交通运输委员会2016年财政拨款支出预算表（按经济科目）, 服务, 公共服务, 市交通运输委员会
武汉市交通运输委员会2016年三公经费财政拨款预算表, 服务, 公共服务, 市交通运输委员会
武汉市交通运输委员会2016年收支预算总表, 服务, 公共服务, 市交通运输委员会
武汉市教育局2016年“三公”经费财政拨款预算表, 服务, 政府机构, 市教育局
武汉市教育局2016年“三公”经费财政拨款预算情况说明, 服务, 政府机构, 市教育局
武汉市教育局2016年部门预算公开, 服务, 政府机构, 市教育局
武汉市教育局2016年财政拨款支出预算表（按功能科目）, 服务, 政府机构, 市教育局
武汉市教育局2016年财政拨款支出预算表（按经济科目）, 服务, 政府机构, 市教育局
武汉市教育局2016年收支预算总表, 服务, 政府机构, 市教育局
武汉市经济和信息化委员会2016年“三公”经费财政拨款预算表, 服务, 政府机构, 市经济和信息化委员会
武汉市经济和信息化委员会2016年“三公”经费财政拨款预算情况, 服务, 政府机构, 市经济和信息化委员会
武汉市经济和信息化委员会2016年部门预算公开, 服务, 政府机构, 市经济和信息化委员会
武汉市经济和信息化委员会2016年财政拨款支出预算表(按功能科目), 服务, 政府机构, 市经济和信息化委员会
武汉市经济和信息化委员会2016年财政拨款支出预算表(按经济科目), 服务, 政府机构, 市经济和信息化委员会
武汉市经济和信息化委员会2016年收支预算总表, 服务, 政府机构, 市经济和信息化委员会
武汉市经济和信息化委员会（武汉市中小企业发展局）机构设置, 数据, 政府机构, 市经济和信息化委员会
武汉市经济和信息化委员会行政法规查询, 服务, 政府机构, 市经济和信息化委员会
武汉市经济开发区体育经营单位一览表, 数据, 公共服务, 市体育局
武汉市境内上市企业基本情况统计表（截止2014年底）, 数据, 经济发展, 市科学技术局
武汉市境外上市企业基本情况统计表（截止2014年底）, 数据, 经济发展, 市科学技术局
武汉市旧车市场登记服务站, 数据, 交通服务, 市交管局
武汉市军休系统信息一览表, 数据, 公共服务, 市民政局
武汉市科学技术协会2016年“三公”经费 财政拨款预算表, 服务, 政府机构, 市科协
武汉市科学技术协会2016年“三公”经费财政拨款预算情况, 服务, 政府机构, 市科协
武汉市科学技术协会2016年部门预算公开, 服务, 政府机构, 市科协
武汉市科学技术协会2016年财政拨款支出预算表 （按功能科目）, 服务, 政府机构, 市科协
武汉市科学技术协会2016年财政拨款支出预算表 （按经济科目）, 服务, 政府机构, 市科协
武汉市科学技术协会2016年收支预算总表, 服务, 政府机构, 市科协
武汉市老干部局 2016年“三公”经费财政拨款预算表, 服务, 政府机构, 市老干部局
武汉市老干部局 2016年财政拨款支出预算表, 服务, 政府机构, 市老干部局
武汉市老干部局 2016年收支预算总表, 服务, 政府机构, 市老干部局
武汉市老干部局2016年“三公”经费财政拨款, 服务, 政府机构, 市老干部局
武汉市老干部局2016年部门预算公开说明, 服务, 政府机构, 市老干部局
武汉市老干部局2016年财政拨款支出预算表, 服务, 政府机构, 市老干部局
武汉市粮食局公布获得&lt;&lt;粮食收购许可证&gt;&gt;的经营户名单, 数据, 公共服务, 粮食局
武汉市旅游局2016年“三公”经费财政拨款预算表, 服务, 文化娱乐, 市旅游局
武汉市旅游局2016年“三公”经费财政拨款预算情况说明, 服务, 文化娱乐, 市旅游局
武汉市旅游局2016年部门预算公开说明, 服务, 文化娱乐, 市旅游局
武汉市旅游局2016年财政拨款支出预算表-按功能科目, 服务, 文化娱乐, 市旅游局
武汉市旅游局2016年财政拨款支出预算表-按经济科目, 服务, 文化娱乐, 市旅游局
武汉市旅游局2016年收支预算总表, 服务, 文化娱乐, 市旅游局
武汉市贸促会2016年“三公”经费 财政拨款预算表, 服务, 政府机构, 贸促会武汉分会
武汉市贸促会2016年“三公”经费财政拨款预算情况说明, 服务, 政府机构, 贸促会武汉分会
武汉市贸促会2016年财政拨款支出预算表（按功能科目）, 服务, 政府机构, 贸促会武汉分会
武汉市贸促会2016年财政拨款支出预算表（按经济科目）, 服务, 政府机构, 贸促会武汉分会
武汉市贸促会2016年收支预算总表, 服务, 政府机构, 贸促会武汉分会
武汉市民用爆炸物品安全监管信息系统, 服务, 公共服务, 市经济和信息化委员会
武汉市民政局2016年“三公”经费财政拨款预算表, 服务, 公共服务, 市民政局
武汉市民政局2016年“三公”经费财政拨款预算情况说明, 服务, 公共服务, 市民政局
武汉市民政局2016年部门预算公开说明, 服务, 公共服务, 市民政局
武汉市民政局2016年财政拨款支出预算表-按功能科目, 服务, 公共服务, 市民政局
武汉市民政局2016年财政拨款支出预算表-按经济科目, 服务, 公共服务, 市民政局
武汉市民政局2016年收支预算总表, 服务, 公共服务, 市民政局
武汉市民之家网上办事大厅, 服务, 公共服务, 市政服务中心管理办公室
武汉市民宗委2016年“三公”经费财政拨款预算情况说明, 服务, 教育科技, 市民族宗教事务委员会
武汉市民宗委2016年“三公经费”财政拨款预算表, 服务, 教育科技, 市民族宗教事务委员会
武汉市民宗委2016年财政拨款支出预算表（按功能科目）, 服务, 教育科技, 市民族宗教事务委员会
武汉市民宗委2016年财政拨款支出预算表（按经济科目）, 服务, 教育科技, 市民族宗教事务委员会
武汉市民宗委2016年收支预算总表, 服务, 教育科技, 市民族宗教事务委员会
武汉市民族宗教事务委员会2016年部门预算公开, 服务, 教育科技, 市民族宗教事务委员会
武汉市民族宗教统计数据概况, 数据, 教育科技, 市民族宗教事务委员会
武汉市年度旅游统计信息, 数据, 公共服务, 市旅游局
武汉市农村福利机构一览表, 数据, 公共服务, 市民政局
武汉市农业委员会2016年部门预算公开, 服务, 农业农村, 市农业委员会
武汉市农业委员会2016年财政拨款支出预算表-按功能科目, 服务, 农业农村, 市农业委员会
武汉市农业委员会2016年财政拨款支出预算表-按经济科目, 服务, 农业农村, 市农业委员会
武汉市农业委员会2016年三公经费财政拨款预算表, 服务, 农业农村, 市农业委员会
武汉市农业委员会2016年三公经费财政拨款预算情况, 服务, 农业农村, 市农业委员会
武汉市农业委员会2016年收支预算总表, 服务, 农业农村, 市农业委员会
武汉市排污许可证发放情况汇总表（东湖风景区）, 数据, 能源环境, 东湖生态旅游风景区管委会
武汉市普通中学一览表, 数据, 教育科技, 市教育局
武汉市普通住宅小区内车辆停泊服务费指导价格, 数据, 公共服务, 市发展和改革委员会
武汉市企业研究开发中心名录, 数据, 教育科技, 市科学技术局
武汉市汽车销售4S店登记服务站一览表, 数据, 交通服务, 市交管局
武汉市清真餐馆一览表, 数据, 教育科技, 市民族宗教事务委员会
武汉市人大常委会办公厅2016年“三公”经费财政拨款预算表, 服务, 政府机构, 市人大
武汉市人大常委会办公厅2016年财政拨款支出预算表（按支出功能科目）, 服务, 政府机构, 市人大
武汉市人大常委会办公厅2016年财政拨款支出预算表（按支出经济分类科目）, 服务, 政府机构, 市人大
武汉市人大常委会办公厅2016年收支预算总表, 服务, 政府机构, 市人大
武汉市人力资源和社会保障局2016年“三公”经费财政拨款预算表, 服务, 公共服务, 市人力资源和社会保障局
武汉市人力资源和社会保障局2016年“三公”经费财政拨款预算情况, 服务, 公共服务, 市人力资源和社会保障局
武汉市人力资源和社会保障局2016年部门预算公开, 服务, 公共服务, 市人力资源和社会保障局
武汉市人力资源和社会保障局2016年财政拨款支出预算表（按功能科目）, 服务, 公共服务, 市人力资源和社会保障局
武汉市人力资源和社会保障局2016年财政拨款支出预算表（按经济科目）, 服务, 公共服务, 市人力资源和社会保障局
武汉市人力资源和社会保障局2016年收支预算总表, 服务, 公共服务, 市人力资源和社会保障局
武汉市人民政府法制办公室 2016年财政拨款支出预算表-按功能科目, 服务, 法律服务, 市法制办公室
武汉市人民政府法制办公室 2016年收支预算总表, 服务, 法律服务, 市法制办公室
武汉市人民政府法制办公室2016年“三公”经费财政拨款预算表, 服务, 法律服务, 市法制办公室
武汉市人民政府法制办公室2016年“三公”经费财政拨款预算情况说明, 服务, 法律服务, 市法制办公室
武汉市人民政府法制办公室2016年部门预算公开说明, 服务, 法律服务, 市法制办公室
武汉市人民政府法制办公室2016年财政拨款支出预算表-按经济科目, 服务, 法律服务, 市法制办公室
武汉市人民政府国有资产监督管理委员会2016年“三公”经费财政拨款预算情况, 服务, 政府机构, 市国有资产监督管理委员会
武汉市人民政府国有资产监督管理委员会2016年部门预算公开说明, 服务, 政府机构, 市国有资产监督管理委员会
武汉市融资性担保公司经营资格名单, 服务, 经济发展, 市经济和信息化委员会
武汉市入选各级非物质文化遗产名录项目, 数据, 公共服务, 市文化局
武汉市三星级酒店, 数据, 公共服务, 市交通运输委员会
武汉市商品房预售许可信息, 服务, 政府机构, 市住房保障和房屋管理局
武汉市商务局内设部门信息公开, 数据, 经济发展, 市商务局
武汉市商业用地监测范围地价区段标准宗地分布图, 数据, 公共服务, 市国土资源和规划局
武汉市尚未处置的闲置土地情况表, 数据, 公共服务, 市国土资源和规划局
武汉市涉及工业审批相关经营服务性收费目录, 数据, 公共服务, 市发展和改革委员会
武汉市社会组织民非名录一览表, 数据, 公共服务, 市民政局
武汉市社会组织社团名录, 数据, 公共服务, 市民政局
武汉市社区交管服务站, 数据, 交通服务, 市交管局
武汉市社区律师在岗信息, 数据, 法律服务, 市司法局
武汉市社区志愿者协会一览表, 数据, 公共服务, 市民政局
武汉市审计局2016年“三公”经费财政拨款预算表, 服务, 金融服务, 市审计局
武汉市审计局2016年“三公”经费财政拨款预算情况, 服务, 金融服务, 市审计局
武汉市审计局2016年部门预算公开, 服务, 金融服务, 市审计局
武汉市审计局2016年财政拨款支出预算表-按功能科目, 服务, 金融服务, 市审计局
武汉市审计局2016年财政拨款支出预算表-按经济科目, 服务, 金融服务, 市审计局
武汉市审计局2016年收支预算总表, 服务, 金融服务, 市审计局
武汉市审计局领导分工信息, 数据, 金融服务, 市审计局
武汉市生活垃圾服务费收费标准, 数据, 公共服务, 市发展和改革委员会
武汉市施工占道路段清单, 服务, 交通服务, 市交管局
武汉市十一黄金周统计信息, 数据, 公共服务, 市旅游局
武汉市食品药品监督管理局关于药品医疗器械经营企业监督检查信息通告（2016年2月）, 数据, 医疗卫生, 市食品药品监督管理局
武汉市食品药品监督管理局关于医疗器械生产企业行政检查信息的通告（2016年第1季度）, 数据, 医疗卫生, 市食品药品监督管理局
武汉市实时交通情况, 服务, 公共服务, 市国土资源和规划局
武汉市市级示范家庭农场资格认定公示, 数据, 农业农村, 市农业委员会
武汉市市民身边的法律服务, 数据, 法律服务, 市司法局
武汉市市区档案馆导航地图, 服务, 政府机构, 市档案局
武汉市市区土地出让金（租金）级别图, 数据, 公共服务, 市国土资源和规划局
武汉市市政道路设施量汇总表, 数据, 交通服务, 市城市管理委员会
武汉市市政公用设施建设固定资产投资资金来源综合表, 数据, 公共服务, 市城乡建设委员会
武汉市市政公用设施建设固定资产投资综合表, 数据, 公共服务, 市城乡建设委员会
武汉市市政公用设施水平表（不含暂住人口）, 数据, 公共服务, 市城乡建设委员会
武汉市市直部门单位2016年三公经费财政拨款预算控制数安排情况, 服务, 经济发展, 市财政局
武汉市市直及各区养老机构管理部门电话及地址, 数据, 公共服务, 市民政局
武汉市市直行政事业单位国有资产管理中介机构备选库入选机构名单, 数据, 政府机构, 市财政局
武汉市水环境状况, 数据, 能源环境, 市水务局
武汉市水情、雨情、天气实况, 服务, 公共服务, 市水务局
武汉市水务集团营业厅地址, 数据, 公共服务, 市水务集团
武汉市水务集团有限公司所属水厂2015年下半年出厂水非常规检测项目监测结果（64项）, 数据, 公共服务, 市水务集团
武汉市水务集团有限公司所属水厂2016年2月出厂水常规检测项目监测结果（42项）, 数据, 公共服务, 市水务集团
武汉市水务集团主城区管网水项目监测结果（4项）, 数据, 公共服务, 市水务集团
武汉市水务局2016年部门预算公开, 服务, 政府机构, 市水务局
武汉市水务局公开招标信息明细表, 数据, 政府机构, 市水务局
武汉市水务局直属单位, 服务, 政府机构, 市水务局
武汉市水资源公报, 数据, 能源环境, 市水务局
武汉市司法局办公地点(地图), 数据, 法律服务, 市司法局
武汉市司法局领导介绍, 数据, 法律服务, 市司法局
武汉市司法局内设机构, 数据, 法律服务, 市司法局
武汉市四星级酒店, 数据, 公共服务, 市交通运输委员会
武汉市特殊教育学校一览表, 数据, 教育科技, 蔡甸区
武汉市体育传统项目学校一览表, 数据, 公共服务, 市体育局
武汉市体育局 2016年“三公”经费财政拨款预算表, 服务, 文化娱乐, 市体育局
武汉市体育局2016年“三公”经费财政拨款预算情况说明, 服务, 文化娱乐, 市体育局
武汉市体育局2016年部门预算公开说明, 服务, 文化娱乐, 市体育局
武汉市体育局2016年财政拨款支出预算表-按功能科目, 服务, 文化娱乐, 市体育局
武汉市体育局2016年财政拨款支出预算表-按经济科目, 服务, 文化娱乐, 市体育局
武汉市体育局2016年收支预算总表, 服务, 文化娱乐, 市体育局
武汉市体育局各处联系方式及地址, 数据, 公共服务, 市体育局
武汉市天然气公司服务网点列表 （部分）, 数据, 公共服务, 市燃气热力集团
武汉市统计局2016年“三公”经费财政拨款预算表, 服务, 政府机构, 市统计局
武汉市统计局2016年财政拨款支出预算表-按功能科目, 服务, 政府机构, 市统计局
武汉市统计局2016年财政拨款支出预算表-按经济科目, 服务, 政府机构, 市统计局
武汉市统计局2016年收支预算总表, 服务, 政府机构, 市统计局
武汉市统计局统计年鉴-2015, 数据, 经济发展, 市统计局
武汉市土地级别与基准地价标准, 数据, 公共服务, 市国土资源和规划局
武汉市违法处理办公地点, 数据, 交通服务, 市交管局
武汉市卫生和计划生育委员会2016年“三公”经费财政拨款预算情况说明, 服务, 公共服务, 市卫生和计划生育委员会
武汉市卫生计生委2016年部门预算公开说明, 服务, 公共服务, 市卫生和计划生育委员会
武汉市文化局 2016年“三公”经费财政拨款预算表, 服务, 公共服务, 市文化局
武汉市文化局 2016年收支预算总表, 服务, 公共服务, 市文化局
武汉市文化局2016年“三公”经费财政拨款预算情况说明, 服务, 公共服务, 市文化局
武汉市文化局2016年部门预算公开, 服务, 公共服务, 市文化局
武汉市文化局2016年财政拨款支出预算表-按功能科目, 服务, 公共服务, 市文化局
武汉市文化局2016年财政拨款支出预算表-按经济科目, 服务, 公共服务, 市文化局
武汉市文化新闻广电局直属单位, 数据, 文化娱乐, 市文化局
武汉市文联2016年“三公”经费财政拨款预算表, 服务, 政府机构, 市文联
武汉市文联2016年财政拨款支出预算表（按功能科目）, 服务, 政府机构, 市文联
武汉市文联2016年财政拨款支出预算表（按经济科目）, 服务, 政府机构, 市文联
武汉市文联2016年收支预算总表, 服务, 政府机构, 市文联
武汉市武昌区环保局2015年（1-6月）建筑施工超标排污费核定报表, 数据, 能源环境, 武昌区
武汉市武昌区环保局2015年（7-12月）建筑施工超标排污费核定报表, 数据, 能源环境, 武昌区
武汉市武昌区环境影响评价登记表（1-5月）基本情况一览表, 数据, 能源环境, 武昌区
武汉市五星级酒店, 数据, 公共服务, 市交通运输委员会
武汉市物业服务企业信息, 服务, 政府机构, 市住房保障和房屋管理局
武汉市现有驾驶员考场明细表, 数据, 交通服务, 市公安局
武汉市新三板挂牌企业名单（截止2014年底）, 数据, 经济发展, 市科学技术局
武汉市新洲区体育经营单位一览表, 数据, 公共服务, 市体育局
武汉市行政审批文件, 服务, 法律服务, 市法制办公室
武汉市学校体育场馆向社会开放名单, 数据, 文化娱乐, 市体育局
武汉市养老设施空间布局规划, 数据, 公共服务, 市国土资源和规划局
武汉市医疗救助定点医院名单, 数据, 公共服务, 市民政局
武汉市义务植树点及联系方式、树木认养点, 数据, 能源环境, 市园林和林业局
武汉市游览参观点门票价目表, 数据, 文化娱乐, 市发展和改革委员会
武汉市游泳馆一览表, 服务, 文化娱乐, 市体育局
武汉市幼儿园一览表, 数据, 教育科技, 市教育局
武汉市预防接种门诊名单, 数据, 医疗卫生, 市卫生和计划生育委员会
武汉市园林和林业局 2016年“三公”经费财政拨款预算表, 服务, 能源环境, 市园林和林业局
武汉市园林和林业局2016年“三公”经费财政拨款预算情况说明, 服务, 能源环境, 市园林和林业局
武汉市园林和林业局2016年部门预算公开说明, 服务, 能源环境, 市园林和林业局
武汉市园林和林业局2016年财政拨款支出预算表（按支出功能科目）, 服务, 能源环境, 市园林和林业局
武汉市园林和林业局2016年财政拨款支出预算表（按支出经济分类科目）, 服务, 能源环境, 市园林和林业局
武汉市园林和林业局2016年收支预算总表, 服务, 能源环境, 市园林和林业局
武汉市月市场商品价格监测分析, 数据, 经济发展, 市农业委员会
武汉市在建项目, 数据, 能源环境, 市环境保护局
武汉市政府参事室（文史研究馆）2016年“三公”经费财政拨款预算表, 服务, 政府机构, 市政府参事室
武汉市政府参事室（文史研究馆）2016年“三公”经费财政拨款预算情况, 服务, 政府机构, 市政府参事室
武汉市政府参事室（文史研究馆）2016年部门预算公开, 服务, 政府机构, 市政府参事室
武汉市政府参事室（文史研究馆）2016年财政拨款支出预算表（按功能科目）, 服务, 政府机构, 市政府参事室
武汉市政府参事室（文史研究馆）2016年财政拨款支出预算表（按经济科目）, 服务, 政府机构, 市政府参事室
武汉市政府参事室（文史研究馆）2016年收支预算总表, 服务, 政府机构, 市政府参事室
武汉市政府规范文件, 服务, 法律服务, 市法制办公室
武汉市政府规章, 服务, 法律服务, 市法制办公室
武汉市政公用设施建设项目综合表, 数据, 公共服务, 市城乡建设委员会
武汉市政公用设施水平表, 数据, 公共服务, 市城乡建设委员会
武汉市政务服务中心管理办公室2016年“三公”经费财政拨款预算表, 服务, 公共服务, 市政服务中心管理办公室
武汉市政务服务中心管理办公室2016年“三公”经费财政拨款预算情况说明, 服务, 公共服务, 市政服务中心管理办公室
武汉市政务服务中心管理办公室2016年部门预算公开说明, 服务, 公共服务, 市政服务中心管理办公室
武汉市政务服务中心管理办公室2016年财政拨款支出预算表-按功能科目, 服务, 公共服务, 市政服务中心管理办公室
武汉市政务服务中心管理办公室2016年财政拨款支出预算表-按经济科目, 服务, 公共服务, 市政服务中心管理办公室
武汉市政务服务中心管理办公室2016年收支预算总表, 服务, 公共服务, 市政服务中心管理办公室
武汉市职业学校一览表, 数据, 教育科技, 市教育局
武汉市质量技术监督局2016年“三公”经费财政拨款预算表, 服务, 教育科技, 市质量技术监督局
武汉市质量技术监督局2016年“三公”经费财政拨款预算情况说明, 服务, 教育科技, 市质量技术监督局
武汉市质量技术监督局2016年部门预算公开, 服务, 教育科技, 市质量技术监督局
武汉市质量技术监督局2016年财政拨款支出预算表-按功能科目, 服务, 教育科技, 市质量技术监督局
武汉市质量技术监督局2016年财政拨款支出预算表-按经济科目, 服务, 教育科技, 市质量技术监督局
武汉市质量技术监督局2016年收支预算总表, 服务, 教育科技, 市质量技术监督局
武汉市中、小学体育场馆设施对公众开放学校信息一览表, 数据, 公共服务, 市体育局
武汉市中小学教师继续教育工作先进单位名单, 数据, 教育科技, 汉南区
武汉市中心城区供水价格表, 数据, 公共服务, 市水务集团
武汉市中心城区政府类公租房项目情况表, 数据, 公共服务, 市住房保障和房屋管理局
武汉市中心城区渍水风险图, 服务, 能源环境, 市水务局
武汉市中职学校2015年第二批（秋季学期）国家助学金预算分配明细表, 数据, 公共服务, 市人力资源和社会保障局
武汉市中职学校2015年第二批（秋季学期）免学费预算分配明细表, 数据, 公共服务, 市人力资源和社会保障局
武汉市重点污染源 信息发布系统, 服务, 能源环境, 市环境保护局
武汉市主城区电子监控设备点位公告, 数据, 交通服务, 市公安局
武汉市主要创业投资机构分布情况表（截止2014年底）, 数据, 经济发展, 市科学技术局
武汉市主要公园、广场接待游人量, 数据, 公共服务, 市园林和林业局
武汉市住房保障和房屋管理局 2016年“三公”经费财政拨款预算表, 服务, 政府机构, 市住房保障和房屋管理局
武汉市住房保障和房屋管理局2016年“三公”经费财政拨款预算情况说明, 服务, 政府机构, 市住房保障和房屋管理局
武汉市住房保障和房屋管理局2016年部门预算公开, 服务, 政府机构, 市住房保障和房屋管理局
武汉市住房保障和房屋管理局2016年财政拨款支出预算表-按功能科目, 服务, 政府机构, 市住房保障和房屋管理局
武汉市住房保障和房屋管理局2016年财政拨款支出预算表-按经济科目, 服务, 政府机构, 市住房保障和房屋管理局
武汉市住房保障和房屋管理局2016年收支预算总表, 服务, 政府机构, 市住房保障和房屋管理局
武汉市住宅用地监测范围地价区段标准宗地分布图, 数据, 公共服务, 市国土资源和规划局
武汉市驻汉机构组织名称一览表, 数据, 政府机构, 市外事办公室
武汉市专业技术资格评审中心办公地址与联系电话, 数据, 政府机构, 市人力资源和社会保障局
武汉市宗教团体一览表, 数据, 教育科技, 市民族宗教事务委员会
武汉市综合警务站电子地图, 服务, 公共服务, 市公安局
武汉市总工会2016年部门预算公开说明, 服务, 政府机构, 市总工会
武汉市总工会2016年财政拨款支出预算表（按功能科目）, 服务, 政府机构, 市总工会
武汉市总工会2016年财政拨款支出预算表（按经济科目）, 服务, 政府机构, 市总工会
武汉市总工会2016年收支预算总表, 服务, 政府机构, 市总工会
武汉市总湖长一览表, 数据, 能源环境, 市水务局
武汉市最低地价标准, 数据, 公共服务, 市国土资源和规划局
武汉市殡仪馆、公墓单位一览表, 服务, 公共服务, 市民政局
武汉特色餐饮一览表, 数据, 公共服务, 市交通运输委员会
武汉天河机场国际地区航班信息表, 数据, 交通服务, 市交通运输委员会
武汉西餐一览表, 数据, 公共服务, 市交通运输委员会
武汉小吃一览表, 数据, 公共服务, 市交通运输委员会
武汉新港管理委员会2014年“三公”经费财政拨款预算表, 服务, 经济发展, 武汉新港管委会
武汉新港管理委员会2016年财政拨款支出预算表（按功能科目）, 服务, 经济发展, 武汉新港管委会
武汉新港管理委员会2016年财政拨款支出预算表（按经济科目）, 服务, 经济发展, 武汉新港管委会
武汉新港管理委员会2016年收支预算总表, 服务, 经济发展, 武汉新港管委会
武汉新港管理委员会产业发展规划, 数据, 经济发展, 武汉新港管委会
武汉新港管理委员会各部门联系电话, 数据, 经济发展, 武汉新港管委会
武汉新港管理委员会规划范围, 数据, 经济发展, 武汉新港管委会
武汉新港管理委员会集疏运空间发展规划, 数据, 经济发展, 武汉新港管委会
武汉新港管理委员会集疏运网络规划, 数据, 经济发展, 武汉新港管委会
武汉新华书店股份有限公司主要卖场地址及电话, 数据, 公共服务, 市文化局
武汉新华书店股份有限公司主要卖场地址及电话一览表, 数据, 文化娱乐, 市文化局
武汉血液中心献血点, 数据, 政府机构, 市卫生和计划生育委员会
武汉血液中心献血点地图, 服务, 政府机构, 市卫生和计划生育委员会
武汉中介经营点, 数据, 公共服务, 市住房保障和房屋管理局
武汉住房公积金管理中心地址, 服务, 公共服务, 武汉住房公积金管理中心
武汉自来水有限公司水费查询, 服务, 公共服务, 市水务集团
武燃客服网点及服务电话, 数据, 公共服务, 市燃气热力集团
物价监测单位地图, 服务, 公共服务, 市发展和改革委员会
物价局电子地图, 服务, 公共服务, 市发展和改革委员会
希望工程捐赠个人, 数据, 教育科技, 武汉共青团
希望工程捐赠企业, 数据, 教育科技, 武汉共青团
辖区医疗机构, 数据, 医疗卫生, 市卫生和计划生育委员会
下属学会信息, 数据, 政府机构, 市科协
现代商贸业“十三五”规划, 数据, 公共服务, ~口区
献血者数据查询, 服务, 医疗卫生, 市卫生和计划生育委员会
销售放射源的单位, 服务, 能源环境, 市环境保护局
销售射线装置的单位, 服务, 能源环境, 市环境保护局
小商品价格行情, 服务, 公共服务, 市发展和改革委员会
新车上牌后第一次年检前环保标志申领地址, 服务, 公共服务, 市环境保护局
新洲区机关联系方式, 数据, 政府机构, 新洲区
新洲区区直部门2016年三公经费预算, 服务, 政府机构, 新洲区
新洲区区直部门2016年三公经费预算说明, 服务, 政府机构, 新洲区
型材企业备案查询, 服务, 政府机构, 市城乡建设委员会
行政审批办件查询, 服务, 公共服务, 市政服务中心管理办公室
行政审批办事直通车, 数据, 公共服务, 市政服务中心管理办公室
行政审批事项查询, 服务, 公共服务, 市政服务中心管理办公室
行政事业收费, 服务, 政府机构, 市发展和改革委员会
学校及在校学生情况, 数据, 教育科技, 汉南区
阳逻港园区功能布局, 数据, 经济发展, 武汉新港管委会
阳逻港园区及其功能定位, 数据, 经济发展, 武汉新港管委会
阳逻港园区建设的三个阶段, 数据, 经济发展, 武汉新港管委会
阳逻港园区综保区简介, 数据, 经济发展, 武汉新港管委会
阳逻港综保区招商简介合作范围, 数据, 经济发展, 武汉新港管委会
阳逻港综保区招商简介区域功能, 数据, 经济发展, 武汉新港管委会
阳逻港综保区招商简介投资环境, 数据, 经济发展, 武汉新港管委会
阳逻港综保区招商简介优惠政策, 数据, 经济发展, 武汉新港管委会
养老服务机构名单, 数据, 公共服务, 蔡甸区
药品价格查询, 服务, 医疗卫生, 市卫生和计划生育委员会
药品价格行情, 服务, 公共服务, 市发展和改革委员会
一张图全市违停严管路段, 数据, 交通服务, 市交管局
一张图全市主要堵点绕行, 数据, 交通服务, 市交管局
医疗广告审批汇总表, 数据, 医疗卫生, 市卫生和计划生育委员会
医疗收费, 服务, 医疗卫生, 市发展和改革委员会
医疗收费查询, 服务, 医疗卫生, 市卫生和计划生育委员会
医生、护士执业资格证查询, 服务, 医疗卫生, 市卫生和计划生育委员会
艺术单位一览表, 数据, 文化娱乐, 市文化局
易站通自助缴费机分布表, 数据, 交通服务, 武汉市城市路桥收费中心
疫苗接种点的名单、地址、通讯方式, 数据, 医疗卫生, 蔡甸区
优秀市人大代表评选相关表格, 数据, 政府机构, 市人大
游艺娱乐营业场所统计表, 服务, 文化娱乐, 市文化局
月度居民消费价格指数, 数据, 经济发展, 市农业委员会
月度武汉市采矿权审批情况, 数据, 能源环境, 市国土资源和规划局
月份气象情况, 数据, 经济发展, 市统计局
运营车辆违章查询, 服务, 交通服务, 市交通运输委员会
早籼稻最低收购价委托收储库点名单, 数据, 公共服务, 粮食局
曾家岗-王家巷轮渡航线, 数据, 交通服务, 市交通运输委员会
招标公告, 服务, 政府机构, 市城乡建设委员会
政府工作报告, 数据, 政府机构, ~口区
知识产权评估机构, 数据, 教育科技, 市科学技术局
职业技能鉴定机构, 数据, 政府机构, 市人力资源和社会保障局
直属单位, 数据, 公共服务, 市科学技术局
直属事业单位, 数据, 政府机构, 市科协
直属团组织上网工程, 服务, 政府机构, 武汉共青团
执法人信息一览表, 数据, 法律服务, 市法制办公室
智慧湖泊app下载, 服务, 能源环境, 市水务局
智慧武汉菜场公益地图, 服务, 公共服务, 市国土资源和规划局
质监局技术机构一览表, 数据, 政府机构, 市质量技术监督局
中标公示, 服务, 政府机构, 市城乡建设委员会
中等职业学校国家助学金(2016春)（邾城街）, 数据, 教育科技, 新洲区
中共武汉市东西湖区委区直机关工作委员会机构编制情况表, 数据, 经济发展, 武汉临空港经济技术开发区管委会(东西湖)
中共武汉市黄陂区委政法委员会 2016年“三公”经费财政拨款预算表, 服务, 政府机构, 黄陂区
中共武汉市委党校 2016年财政拨款支出预算表-按功能科目, 服务, 公共服务, 市委党校（武汉行政学院）
中共武汉市委党校 2016年收支预算总表, 服务, 公共服务, 市委党校（武汉行政学院）
中共武汉市委党校2016年“三公”经费财政拨款预算表, 服务, 公共服务, 市委党校（武汉行政学院）
中共武汉市委党校2016年“三公”经费财政拨款预算情况说明, 服务, 公共服务, 市委党校（武汉行政学院）
中共武汉市委党校2016年部门预算公开说明, 服务, 公共服务, 市委党校（武汉行政学院）
中共武汉市委党校2016年财政拨款支出预算表-按经济科目, 服务, 公共服务, 市委党校（武汉行政学院）
中共武汉市委市直机关工委 2016年财政拨款支出预算表（按经济科目）, 服务, 政府机构, 市委市直机关工委
中共武汉市委市直机关工委2016年“三公”经费财政拨款预, 服务, 政府机构, 市委市直机关工委
中共武汉市委市直机关工委2016年财政拨款支出预算表（按功能科目）, 服务, 政府机构, 市委市直机关工委
中共武汉市委市直机关工委2016年收支预算总表, 服务, 政府机构, 市委市直机关工委
中共武汉市委宣传部 2016年财政拨款支出预算表 （按功能科目）, 服务, 政府机构, 市委宣传部
中共武汉市委宣传部 2016年财政拨款支出预算表 （按经济科目）, 服务, 政府机构, 市委宣传部
中共武汉市委宣传部2016年“三公”经费财政拨款预算表, 服务, 政府机构, 市委宣传部
中共武汉市委宣传部2016年“三公”经费财政拨款预算情况说明, 服务, 政府机构, 市委宣传部
中共武汉市委宣传部2016年部门预算公开说明, 服务, 政府机构, 市委宣传部
中共武汉市委宣传部2016年收支预算总表, 服务, 政府机构, 市委宣传部
中国共产党武汉市纪律检查委员会（武汉市监察局）2016年“三公”经费财政拨款预算表, 服务, 政府机构, 市纪委
中国共产党武汉市纪律检查委员会（武汉市监察局）2016年财政拨款支出预算表（按功能科目）, 服务, 政府机构, 市纪委
中国共产党武汉市纪律检查委员会（武汉市监察局）2016年财政拨款支出预算表（按经济科目）, 服务, 政府机构, 市纪委
中国共产党武汉市纪律检查委员会（武汉市监察局）2016年收支预算总表, 服务, 政府机构, 市纪委
中国人民银行武汉分行营业管理部办公地址简介, 数据, 政府机构, 市金融工作局
中国人民政治协商会议武汉市委员会办公厅2016年“三公”经费财政拨款预算表, 服务, 政府机构, 市政协
中国人民政治协商会议武汉市委员会办公厅2016年财政拨款支出预算表（按功能科目）, 服务, 政府机构, 市政协
中国人民政治协商会议武汉市委员会办公厅2016年财政拨款支出预算表（按经济科目）, 服务, 政府机构, 市政协
中国人民政治协商会议武汉市委员会办公厅2016年收支预算总表, 服务, 政府机构, 市政协
中介服务资质, 数据, 公共服务, 市住房保障和房屋管理局
中晚籼稻最低收购价收储库点名单, 数据, 公共服务, 粮食局
中小学生游泳场所免费开放场所_2014_1, 数据, 公共服务, 市体育局
中心城区现收费路段泊位汇总表, 数据, 交通服务, 市城市管理委员会
重点跟踪用能企业名单, 服务, 经济发展, 市经济和信息化委员会
重点民企名录表, 数据, 经济发展, 市经济和信息化委员会
主要公园广场面积, 数据, 能源环境, 市园林和林业局
住房公积金贷款还款计算表, 数据, 公共服务, 武汉住房公积金管理中心
注册个体工商户总体统计情况, 数据, 经济发展, 市工商行政管理局
专家门诊, 服务, 医疗卫生, 市卫生和计划生育委员会
专利代理机构, 数据, 教育科技, 市科学技术局
专利质押贷款有关金融机构, 数据, 教育科技, 市科学技术局
资料目录库, 服务, 公共服务, 市档案局
最新服务网点地图及服务（经营）点列表, 数据, 公共服务, 市燃气热力集团
殡葬服务收费, 数据, 公共服务, 市发展和改革委员会
